{"type": "FeatureCollection", "features": [{"type": "Feature", "id": "n2000.1968dfb3-2026-4b8a-9ea5-8c963841266f", "properties": {"naamN2K": "Nieuwkoopse Plassen & De Haeck", "vhnNew": 3, "nr": 103, "beschermin": "VR+HR", "sitecodeV": "NL9801063", "sitecodeH": "NL3000036", "status": "Natura 2000-besluit 06 januari 2014", "kadaster": "OZ4 63816/167", "staatscour": "2014/00122"}, "bbox": [4.7407735730953595, 52.10677112039326, 4.8684922974927725, 52.16952342798752], "geometry": {"type": "MultiPolygon", "coordinates": [[[[4.830547946181077, 52.16942961097195], [4.830499130423397, 52.16943737111081], [4.830430820634303, 52.169445716061986], [4.83034832200578, 52.169448983161985], [4.830265792725353, 52.169454588760715], [4.830141950722079, 52.16946631972045], [4.830082685685752, 52.16947037220924], [4.829973981037694, 52.169472194079034], [4.829877416668591, 52.16947363546372], [4.829872020292294, 52.16947371693662], [4.829787298189557, 52.169474646127235], [4.829698753895985, 52.169482220970444], [4.829584658272057, 52.16949433624005], [4.829433902048423, 52.169502788955235], [4.8292952592914045, 52.169518968283626], [4.829096836446798, 52.16952261667734], [4.828981610182925, 52.16952342798752], [4.8289285490946465, 52.169523239900066], [4.828853116493098, 52.1695226403486], [4.828802571622287, 52.169515282625106], [4.8287816132275045, 52.16951139856801], [4.828740704568034, 52.16950191758926], [4.828735564286905, 52.16949847059889], [4.828693411285126, 52.169469628760304], [4.828763246940294, 52.169207317345794], [4.828763888061527, 52.169204910672406], [4.82966088985856, 52.16615516875333], [4.829700425261591, 52.16601151006077], [4.829794111587432, 52.16569938351573], [4.8298888035546, 52.1653850406742], [4.82991410373525, 52.16528556486071], [4.829933976480112, 52.165207425419055], [4.829983754708614, 52.16505099616046], [4.830022101781575, 52.16492392465335], [4.830059846806946, 52.16480396886217], [4.830123978830506, 52.16470444174173], [4.830125670691578, 52.16468880055255], [4.830145311254014, 52.16468872159877], [4.830185570728222, 52.16469133213947], [4.830185046468708, 52.16469375555225], [4.83018321113631, 52.164700397181974], [4.830143016091924, 52.164794294841045], [4.8301012537506605, 52.16495509337891], [4.8300738850343645, 52.165075024467875], [4.830023031257481, 52.16529786083088], [4.830088757062006, 52.16530528073427], [4.830088125639653, 52.16531465054012], [4.830158622980977, 52.165327632295295], [4.830317453357618, 52.16534052487267], [4.830341402042426, 52.16533549040614], [4.8303710295184725, 52.165338862333805], [4.830412677801659, 52.165307748821036], [4.8305055172881, 52.16531501419572], [4.8305082406022155, 52.16530537832199], [4.830514515534322, 52.16530618449588], [4.830569277549558, 52.16517178316702], [4.830585023554941, 52.16511352379686], [4.830805980654075, 52.165138511020075], [4.830835727229623, 52.16505714272237], [4.831298559985906, 52.165096089796954], [4.831473213262947, 52.16510863561525], [4.831776527841911, 52.16513591971548], [4.831824648978558, 52.16514024567485], [4.831942134421922, 52.16514231933997], [4.832312864627327, 52.165168948546274], [4.8323668671704505, 52.16516788391629], [4.832303536229544, 52.16541367837479], [4.8326030728190625, 52.16543584812352], [4.832708577092221, 52.165443651248395], [4.832686752730561, 52.16562645552055], [4.832686347622038, 52.16586251962001], [4.832687423307243, 52.16587229293537], [4.832893142721406, 52.16589308718235], [4.832896700115316, 52.16588416073912], [4.83298138760927, 52.165582775163735], [4.833024571713465, 52.165455955528294], [4.833048686074813, 52.16538515720117], [4.833064602588232, 52.16535341319113], [4.833119984489762, 52.165247943592824], [4.833161040640729, 52.165200547996335], [4.833268427347535, 52.165229056346035], [4.833257278472559, 52.165356122632325], [4.833258153360081, 52.165361591500755], [4.833261714889856, 52.16538377286042], [4.8333046377766955, 52.16540055737714], [4.8334575663339905, 52.165417175044325], [4.833543905342421, 52.16542655028329], [4.833826357250819, 52.1654472175442], [4.83396530621806, 52.165447869056614], [4.83404975770002, 52.16543394692425], [4.834189611137375, 52.16543119592475], [4.834363041091612, 52.16544697373058], [4.834395082398039, 52.165447959729285], [4.834468413472746, 52.165450226687405], [4.834569247513684, 52.16543411591897], [4.834717851013675, 52.16542929306893], [4.8350286016602615, 52.16544751035539], [4.835054480033485, 52.165449027295026], [4.835040212392136, 52.1655133674141], [4.835241363396232, 52.16552034845813], [4.835622957847662, 52.16553354760813], [4.835669416044879, 52.16559126068535], [4.83574576707807, 52.165616487563874], [4.83578761926021, 52.16561366763371], [4.835813585116724, 52.16561899846293], [4.835928192066821, 52.165642534447805], [4.835952805342343, 52.165507058659365], [4.836475231072808, 52.16552593270006], [4.836455013383091, 52.16561150385052], [4.836463972924266, 52.16566128576805], [4.836492244324079, 52.165700111446135], [4.836578115622182, 52.16573090988939], [4.836971739046706, 52.16580775154675], [4.836967483037347, 52.16602011131598], [4.8369776284734645, 52.16636281161728], [4.836996564367899, 52.166382251267166], [4.837011193432203, 52.166383373777585], [4.8370091145970235, 52.166395854834946], [4.837060472471554, 52.16641024242877], [4.837095305254341, 52.1664113126103], [4.83715768272434, 52.16634324894788], [4.837212624725754, 52.16630411921465], [4.837275033461137, 52.16624191497205], [4.837515189611078, 52.16603212924224], [4.837526320884931, 52.1660137815717], [4.837546726827242, 52.165977703150645], [4.837602144709744, 52.16590864151372], [4.837612068514548, 52.16586216357505], [4.837622591939609, 52.16584355600473], [4.837620151175527, 52.16582430832455], [4.837625752057098, 52.165798080194605], [4.837858329698584, 52.16581197205966], [4.838344027613652, 52.1658997654731], [4.838358123825148, 52.16585374729656], [4.83837818829882, 52.16578130222782], [4.838383773159689, 52.16578011840498], [4.8384094316625115, 52.165789082016126], [4.838436154367895, 52.16582799888911], [4.838474749518629, 52.16580607664854], [4.838569890549123, 52.165777298735186], [4.839063051976962, 52.16580193491329], [4.839076036682515, 52.16571817229472], [4.839225331420034, 52.16572327522159], [4.8392218294869185, 52.16574588647748], [4.83922470299049, 52.165746368999464], [4.839223372090426, 52.165788109802875], [4.8393274492444425, 52.16578992329529], [4.839319080342227, 52.16588694682677], [4.839534079702616, 52.16589846090867], [4.8395692423880945, 52.1657819407088], [4.839616174392573, 52.16573807191657], [4.839686338276816, 52.16574121253957], [4.83974088093233, 52.16577253740458], [4.839786278420111, 52.16575366358405], [4.83978840821769, 52.165745781021464], [4.840726993701658, 52.165787783934924], [4.8407466836888835, 52.16574226954451], [4.841057306066392, 52.16576282513822], [4.841070155739195, 52.16573005470862], [4.84107148986188, 52.165730083352884], [4.841104298065831, 52.16569946894614], [4.8411484393604844, 52.1656173845445], [4.841203519375311, 52.165622532508415], [4.841222425950353, 52.16564473068083], [4.84122164867992, 52.165708281865285], [4.841201592892614, 52.16578003986223], [4.84121536626006, 52.16582984367173], [4.841258178020536, 52.16585491177615], [4.841270597310859, 52.16585816000068], [4.841305280509426, 52.16589963868727], [4.8413378298413, 52.16592975643552], [4.841350669857773, 52.165931351890485], [4.8413732452507725, 52.165871435647], [4.841389352370714, 52.165869655002616], [4.841462139765669, 52.16587378639618], [4.841467835611464, 52.16585144228134], [4.841507175361173, 52.16586987810659], [4.841559676542781, 52.16588669489868], [4.841641130625317, 52.16588707148147], [4.841672503679637, 52.165882015105005], [4.8417278041103256, 52.165897744619876], [4.841930915836738, 52.16590247713462], [4.8419420886143545, 52.16596422389652], [4.841978233203026, 52.16599094170526], [4.842181938475408, 52.166028263741936], [4.842204417584921, 52.16603085905351], [4.842310249309725, 52.16604308529451], [4.842524711371889, 52.16605045776068], [4.842521835282857, 52.16606012555608], [4.842765977289698, 52.166053745273004], [4.842874637057268, 52.166050904738704], [4.843143333385586, 52.16608467975763], [4.843191890591891, 52.166098125979964], [4.843187803913926, 52.166118867826206], [4.844214067847609, 52.166117901161385], [4.844455710861576, 52.166132166798796], [4.844537196042157, 52.166129782181116], [4.844661882248331, 52.16612205946113], [4.844925348644651, 52.166128798070964], [4.844968581589135, 52.166120709704856], [4.8450782453083985, 52.166165425922095], [4.84510672730973, 52.166187667450764], [4.845221622902691, 52.16619648218481], [4.8453221701963916, 52.16620247158226], [4.845435064117274, 52.16623037660037], [4.845470272026828, 52.1662390769069], [4.845565738365868, 52.16626991280674], [4.845675773253583, 52.16628423246156], [4.845843574594269, 52.16627670632605], [4.845929821926597, 52.16627710193358], [4.846034977040487, 52.1662996948748], [4.846140385631866, 52.166300178193254], [4.846188478009364, 52.16628658398698], [4.846222441825098, 52.16625081430508], [4.846286978824177, 52.1660659645481], [4.846335132512716, 52.16614765236323], [4.846367072425051, 52.165958852997434], [4.846369341315137, 52.16594542710541], [4.8465127385649165, 52.16596992777742], [4.846782409799994, 52.16599036244732], [4.847125519116951, 52.16601692003408], [4.847160887011093, 52.16602328276706], [4.847046407364354, 52.16632302740383], [4.84702994043187, 52.166366143376834], [4.847085980750417, 52.166380361063716], [4.847184558875744, 52.16634982127021], [4.847706276989206, 52.166389057689614], [4.8483310807359965, 52.16643605278549], [4.848356508089805, 52.16643687085766], [4.848366030605564, 52.16651208078585], [4.848403419396275, 52.166589620919595], [4.848431801844473, 52.166620148197396], [4.848503417146111, 52.16664258580736], [4.848581255474652, 52.16664570941948], [4.848925657663964, 52.16659755420662], [4.849040003709532, 52.16658299279359], [4.84918204801566, 52.16687537745776], [4.848006176452381, 52.16714052164318], [4.847348757223994, 52.167291999730786], [4.84667598775449, 52.16744705481798], [4.846467549408742, 52.167495058050875], [4.846314169819169, 52.167188648873726], [4.846276534814966, 52.1671944058176], [4.846249342373343, 52.16720809766014], [4.846179563407783, 52.167244008756896], [4.846125112274833, 52.16726744092556], [4.846025720926769, 52.167285017087686], [4.846002734534965, 52.16732901440953], [4.845950155369043, 52.167332818814614], [4.845918259111969, 52.16733806627414], [4.8460571648209285, 52.167589567905495], [4.8460410074310625, 52.167593289484635], [4.844943607485786, 52.16784581838438], [4.844854396709947, 52.167866755145454], [4.84454162797324, 52.16793544511695], [4.844383644421299, 52.16765688879486], [4.8434028367726665, 52.167862495997895], [4.843389779967271, 52.16786520596112], [4.84355452945742, 52.16815222381265], [4.842832914502777, 52.16831069196496], [4.842806717619983, 52.16826598303532], [4.842649035402484, 52.16800053848654], [4.841923729786015, 52.168152944061404], [4.8418659238996415, 52.168177546994684], [4.841827046577449, 52.16822157973291], [4.841753946402772, 52.16832072202737], [4.841726027109832, 52.16825150157636], [4.841697310466014, 52.168248609501326], [4.841327571302105, 52.16831045463545], [4.841298651960108, 52.168324135555224], [4.841273776636827, 52.16848713535942], [4.841251362615546, 52.16856696181465], [4.841259252365888, 52.16858231311062], [4.8412562776361, 52.16860180259505], [4.841223550189873, 52.168594338487544], [4.841099732010509, 52.16860612602022], [4.840926176372226, 52.16862273810827], [4.840815360934689, 52.16863338472104], [4.840779210075331, 52.16863631643845], [4.840821558331156, 52.1684688568522], [4.840852968245588, 52.168383200205184], [4.840843846065787, 52.16833324713546], [4.840828029482751, 52.16831874084352], [4.840793060361955, 52.16830719014052], [4.840394853588174, 52.16833982409172], [4.84023702857881, 52.16835486232992], [4.840196177205238, 52.168349428442845], [4.840133779170657, 52.16835742622683], [4.840100272475584, 52.16836789302083], [4.840016412030628, 52.168375882923726], [4.839648856358433, 52.168410902593145], [4.839256331553213, 52.16845416670184], [4.8392377355440175, 52.168505956892204], [4.839123936121413, 52.168514963883666], [4.839111204694759, 52.1684714940946], [4.83914869234878, 52.16836837800848], [4.83911091210958, 52.16836330224068], [4.839100134860747, 52.16833591941451], [4.839062049831928, 52.16832197996195], [4.838813464903673, 52.16827391802448], [4.8387559939130265, 52.168276458821396], [4.838703680559881, 52.168292385252734], [4.838680594859045, 52.168282334429364], [4.838536883870307, 52.16826738608325], [4.838411454277321, 52.168230477497936], [4.83838279306395, 52.16823034420822], [4.838358411313911, 52.16824427559966], [4.8383558416200545, 52.16824855456116], [4.838337149672596, 52.16824660978813], [4.838332914323358, 52.16828673178509], [4.838250921070572, 52.168423256941715], [4.838221859542791, 52.16843688430973], [4.838078004013649, 52.16845278724102], [4.83805902381724, 52.168436126685755], [4.83792719756837, 52.168244798547306], [4.837694846696148, 52.16822321141647], [4.837672250415588, 52.16822103893502], [4.8376742494810285, 52.16821194241255], [4.837650073831728, 52.16820959089983], [4.837647500648669, 52.168218659581655], [4.837587400131907, 52.16821288167223], [4.837568043820364, 52.16822655228285], [4.837518210048485, 52.16837855679968], [4.837506500334211, 52.16838163011011], [4.837474253404713, 52.168384227555684], [4.8372285044537575, 52.16840114947253], [4.83689005475593, 52.16839905125874], [4.836729918521207, 52.168398805024886], [4.836726438019683, 52.16845642130706], [4.836633096900549, 52.16843340059732], [4.836606864726877, 52.16858947319722], [4.836598849108791, 52.16863718771022], [4.83660133813764, 52.16865415804686], [4.836587619724679, 52.16865593929413], [4.83657317988292, 52.16866963447885], [4.836605316267515, 52.16875826135616], [4.836605196821231, 52.16875905714338], [4.836271063596238, 52.16877628461172], [4.8361430846883815, 52.169048803587465], [4.83467755042279, 52.16915371523316], [4.834494227726174, 52.16916577805009], [4.83320329130609, 52.169250729222256], [4.832105827514191, 52.16932477872804], [4.831708764953605, 52.169351560797764], [4.830676855323878, 52.16942789104799], [4.830586212581453, 52.169427463552296], [4.830547946181077, 52.16942961097195]]], [[[4.868460277848131, 52.16771115467846], [4.8684659642211505, 52.16778783893208], [4.868468651313304, 52.16783961214607], [4.868469753021702, 52.1678803958674], [4.868471387872278, 52.16799893593698], [4.868469694284156, 52.1680758591905], [4.868466380003465, 52.16813187535884], [4.868467556563803, 52.16817074674565], [4.868466674564794, 52.168208275254955], [4.8684784850493195, 52.16859942506979], [4.868484861657831, 52.16876275014746], [4.8684922974927725, 52.16893870182131], [4.868490875305417, 52.16894259369676], [4.8684758867959745, 52.168964717569445], [4.868443031040928, 52.16900108809542], [4.868395624246088, 52.169031494882745], [4.868316693753757, 52.16906288657522], [4.8682415515473645, 52.16908249892974], [4.868174870747593, 52.169091474214746], [4.86812858228397, 52.16909520382982], [4.868061224943774, 52.16909322141618], [4.867983665773548, 52.1690847352583], [4.867919996759622, 52.16907041219132], [4.8678441404738795, 52.16904547987323], [4.86784377205337, 52.16904535960954], [4.867797948069171, 52.169018474177875], [4.867705990864221, 52.16898211718348], [4.867609843471327, 52.1689443395314], [4.866425304796923, 52.168518081657645], [4.865620491325518, 52.168240112933205], [4.865544803451492, 52.16820887923195], [4.865935268392956, 52.167727215074734], [4.865969024704797, 52.16772146618455], [4.866008562474603, 52.167670239798454], [4.86606630711954, 52.16767358488285], [4.866464020239408, 52.16710824863012], [4.866425544334164, 52.167019321636374], [4.866663245045217, 52.16672011106173], [4.866537625358473, 52.166681639862176], [4.865714936814398, 52.166441508047704], [4.865155788474974, 52.166310395176176], [4.864728351543892, 52.16623378944877], [4.86402333238182, 52.16614668529551], [4.8638047590908435, 52.166128020456085], [4.8629187332443164, 52.166051902784595], [4.859451718605555, 52.165738720279826], [4.859428099245392, 52.16575659081138], [4.859318874976522, 52.16577098835085], [4.859147670668246, 52.16576432444006], [4.85887299349168, 52.1657299506293], [4.858219363867227, 52.165682362643786], [4.858001527908282, 52.16566930783369], [4.857680178572879, 52.16562292778365], [4.857571167352085, 52.165619348501195], [4.857394207050773, 52.16564551843089], [4.857378669931274, 52.16564600953384], [4.8572252135195155, 52.16564475963157], [4.856814482671151, 52.16562465780657], [4.856219096466569, 52.16558630855884], [4.8559548796452345, 52.16554635925506], [4.85581393185371, 52.16554010533188], [4.855804340120647, 52.16553978171377], [4.855576401205957, 52.16550280278642], [4.855094277190023, 52.165446701432295], [4.8549150444541675, 52.165452914643424], [4.8548656908923995, 52.1654546586203], [4.85470998099205, 52.16545086603288], [4.854658203532352, 52.16543574633158], [4.8546326076292985, 52.16540866657781], [4.854643205430661, 52.16538175015617], [4.8546852762896195, 52.16534907777619], [4.854789493622266, 52.16531359566806], [4.854842711945271, 52.165312431811614], [4.854826247513194, 52.16525464865667], [4.854780659747216, 52.16519030403592], [4.854733905254478, 52.16518751171296], [4.854478196527454, 52.16518130099016], [4.854253406532187, 52.165215397089824], [4.854159463628187, 52.16525092513383], [4.8540442107577, 52.16534000310191], [4.8538651808315905, 52.16554872972057], [4.853771885008354, 52.165539319968154], [4.853745784661136, 52.16555436847959], [4.853720676341837, 52.16560088155649], [4.853667428396502, 52.16569950974296], [4.8536408819698975, 52.16574880979647], [4.853522332681205, 52.16571364087241], [4.8535102582923635, 52.16571925055845], [4.853443557235627, 52.16570661005705], [4.853336379539138, 52.16569235371677], [4.853125049505737, 52.1656642427201], [4.852908377886554, 52.165638661573745], [4.852895738615145, 52.16565299427059], [4.852825698999224, 52.16568214906784], [4.852700061453377, 52.16569765079209], [4.852583781891648, 52.165707846866916], [4.852603078746885, 52.165648990434555], [4.852570944250698, 52.16561669448737], [4.852506116748334, 52.16559764265319], [4.852413268693038, 52.16559186504042], [4.852324928329058, 52.16559682158035], [4.852278254018091, 52.165615368156026], [4.852151041663746, 52.165591168983646], [4.852287080436272, 52.165071521239994], [4.852303893103165, 52.165026045835184], [4.8518336193221065, 52.16513210291685], [4.851768137250381, 52.16514686986479], [4.851200453067141, 52.16521930740587], [4.851177151753597, 52.16522455846927], [4.851114991406354, 52.165371635758156], [4.8510293974509135, 52.16553468622952], [4.850992320764032, 52.165575656232434], [4.850911341751686, 52.16559405718068], [4.850795710290801, 52.16559786570868], [4.850698525806155, 52.16559135697652], [4.85011177184664, 52.16553719171295], [4.850019183646326, 52.165509976815265], [4.8499541961104455, 52.16550432408106], [4.8499314309937605, 52.165492688728655], [4.849852246698774, 52.165482423333344], [4.849833541371154, 52.16549306094557], [4.849787048021318, 52.165495527678736], [4.849605892335983, 52.16549202412838], [4.849522035360243, 52.165510391240296], [4.8494939699768755, 52.16552634305159], [4.8494318884137515, 52.165543117756755], [4.849352404013109, 52.16558869542845], [4.849316569257504, 52.16563794140461], [4.8492838163628775, 52.16566552934704], [4.849159895649556, 52.16570268562915], [4.849039659712987, 52.16565423089657], [4.848949306089686, 52.16563204070028], [4.848806785600912, 52.165553005489734], [4.8487430044438415, 52.165520051788334], [4.848674988446877, 52.165524100651425], [4.848602467554258, 52.16558909509918], [4.848481472023861, 52.16560377762822], [4.84843055123278, 52.16567502741022], [4.848403927876609, 52.16569014066646], [4.848355518688428, 52.165704661897415], [4.848300390857878, 52.16572119811648], [4.848273123761229, 52.16571759161466], [4.848278529456969, 52.165701442241044], [4.84822230929948, 52.165693563592974], [4.8482146104190775, 52.16569178564111], [4.848179007672121, 52.165683577795534], [4.848150534043295, 52.16566998448542], [4.848136621276891, 52.165657838251164], [4.8481193701945635, 52.16563999989102], [4.848111063565735, 52.165625732907586], [4.848109325523915, 52.16560880220041], [4.848120996415613, 52.16558146791772], [4.848146521372411, 52.16552066416667], [4.848131076328447, 52.16551909260564], [4.8480756144550385, 52.165513438306505], [4.848066952675714, 52.16553632554509], [4.848035363159558, 52.16554462103795], [4.848022293070618, 52.165564604754884], [4.8480003445556274, 52.16559563920275], [4.847985786280803, 52.16560995362193], [4.8479686867904475, 52.165620832866], [4.847943763707964, 52.165624771710426], [4.847922657681076, 52.16562598752507], [4.84790091364358, 52.16562641755806], [4.847900379689137, 52.16562004346397], [4.847806152864014, 52.1656176120743], [4.847741482024381, 52.16561176632465], [4.8476358031787905, 52.165604874691255], [4.847559075259973, 52.16560315047817], [4.847505424096359, 52.165597997637], [4.8474644695717055, 52.16559301159679], [4.847460019642937, 52.16559246723927], [4.847439983763411, 52.165590883579135], [4.847422652803028, 52.16559115933937], [4.8473525455454975, 52.165559628423324], [4.847349362841775, 52.16555968936385], [4.8472098007699564, 52.165562336893], [4.847025662586693, 52.1655503130041], [4.846943832207613, 52.1655449680028], [4.84661762395269, 52.16548960857335], [4.846561718686421, 52.16547858474419], [4.846403128720671, 52.16546439394733], [4.84629082907641, 52.16548272729119], [4.846107610889791, 52.1654612920621], [4.84612070361226, 52.165263815508176], [4.8460513195334585, 52.16520964074376], [4.845896772544862, 52.165246636983916], [4.845835749791076, 52.165273285374454], [4.845788498468039, 52.16531884493408], [4.845566831745449, 52.165339334461635], [4.845548852520893, 52.16530775858169], [4.845516059119103, 52.165302497434695], [4.845510903010904, 52.16529872303855], [4.845417837444237, 52.165271367506946], [4.845310605566515, 52.16525741100831], [4.845226521349418, 52.16525971231511], [4.8451282036943795, 52.165280805191394], [4.8450627324002635, 52.165288584729154], [4.84499735629891, 52.16528828437704], [4.844862173686913, 52.165268815183], [4.844750084780231, 52.16527099643549], [4.8446660317085986, 52.1652706100477], [4.844614771458656, 52.165262294086254], [4.844432642449473, 52.16519301047351], [4.84443163356654, 52.16519243958379], [4.844425947059822, 52.165190463014525], [4.844270806735788, 52.165131445435875], [4.843973146601001, 52.165033130099964], [4.843926484868711, 52.16503022785909], [4.843879690634495, 52.16503809272027], [4.843853393546129, 52.16505728615021], [4.843851502909014, 52.165057709772384], [4.843833483542528, 52.16506856620877], [4.843811496268234, 52.16510016416099], [4.843799048180687, 52.16511465316534], [4.843743216501752, 52.16514990530858], [4.843685626313167, 52.165163436800235], [4.843609069666774, 52.16516308418433], [4.843523628129272, 52.16510750372012], [4.843433090605572, 52.16507672481402], [4.843251496786593, 52.165056572528066], [4.843137050274042, 52.1650256921754], [4.8430743691862475, 52.16499378308262], [4.843058386295219, 52.16498564347593], [4.843047194402001, 52.16497140237324], [4.843037542278499, 52.16496441906138], [4.843024075539927, 52.1649601784009], [4.84299306389975, 52.16495891368099], [4.842960500711538, 52.164963227895214], [4.842941641355044, 52.16496132622318], [4.842850633383521, 52.16496918449508], [4.842788209816115, 52.16498821194111], [4.842601073754144, 52.16500547746575], [4.842422230313741, 52.16498169641728], [4.84226920110974, 52.16497547119539], [4.842268933474524, 52.16497548434045], [4.842223903878611, 52.16495898638695], [4.842208665408685, 52.16495357619005], [4.8421921936358405, 52.16495376886359], [4.842108570370406, 52.1649600077581], [4.84208332827743, 52.165031831834426], [4.842077710147858, 52.16515784406932], [4.842078191038551, 52.165196144540985], [4.842076330768127, 52.1652089215055], [4.8418024297429865, 52.1651913030363], [4.841759223448933, 52.165202140721206], [4.841668485867082, 52.16518709767943], [4.841703297855164, 52.16508047110307], [4.841723341071528, 52.165006061470656], [4.841723568883768, 52.16498741762937], [4.841724030133804, 52.16498316210303], [4.841723646746654, 52.16498104543328], [4.841724588632971, 52.1649039625318], [4.8417009478011614, 52.16488177850534], [4.841586316656393, 52.164864692508594], [4.841495647397925, 52.164844957863515], [4.841440842610337, 52.16482287234998], [4.841419462388382, 52.16481425276159], [4.8412706600428885, 52.164852195292326], [4.841207873732718, 52.16487944792412], [4.841189101733743, 52.16495023845755], [4.841168810794124, 52.16498412674652], [4.841153498189874, 52.16501346492679], [4.841116217460682, 52.165084866381314], [4.841027999904713, 52.16527771105948], [4.841008721521273, 52.16530993312007], [4.8409987818077935, 52.165354188512886], [4.840992598932554, 52.165385503163606], [4.840990409930573, 52.165385222490414], [4.840918829810082, 52.16538068383835], [4.840836764968133, 52.16537547013169], [4.840592530110722, 52.165361061923505], [4.840512244768835, 52.165353886942626], [4.840572111426946, 52.165085432937346], [4.8405720720976975, 52.16508542196946], [4.840572898519976, 52.16508191055518], [4.840533429418851, 52.16507281243999], [4.840519950522731, 52.165070893959495], [4.840484578897613, 52.16506103464289], [4.840350853056422, 52.16504109963953], [4.840254497726937, 52.1650362048931], [4.840253910194953, 52.165036082628426], [4.840234169677686, 52.16503285968411], [4.840228130683578, 52.16503187356338], [4.840128283233545, 52.16532207750244], [4.840062522879888, 52.165317468237774], [4.840058039579366, 52.165317151743466], [4.839980000835559, 52.165322145006144], [4.839956183879782, 52.16532272664691], [4.839881299330622, 52.16532104103987], [4.83983521232515, 52.165311553373655], [4.8397865228392165, 52.16529974817209], [4.839740509598546, 52.16528913550195], [4.839733541816476, 52.16528891622553], [4.8396764731850315, 52.16528697967884], [4.839718397905146, 52.16509370552562], [4.839737436277295, 52.16500591817865], [4.839762243160986, 52.16489146385432], [4.839771377694373, 52.16484931253139], [4.83972799367987, 52.16484387930456], [4.839747068125106, 52.164729541297056], [4.839720297202361, 52.16471823591659], [4.839702217327033, 52.1647138143848], [4.839687854028826, 52.16467378309507], [4.83964806179851, 52.16466592983063], [4.83963057950261, 52.164662479972726], [4.8395780178884245, 52.16465671737087], [4.839477301481656, 52.16467556533825], [4.839424706015627, 52.164672561855205], [4.839334239707468, 52.16463627039635], [4.839309695880243, 52.16462476852865], [4.839262872400815, 52.164602826898005], [4.839191145775909, 52.16459973447494], [4.839047473201571, 52.164610104545176], [4.8388269851566, 52.164644944404124], [4.838827017679963, 52.16464289167498], [4.838827910978242, 52.16458623309387], [4.838846258375306, 52.16454304518345], [4.838959540722951, 52.16428207108026], [4.83861601049763, 52.164254202338014], [4.8385262882876, 52.1642469182887], [4.838533037357015, 52.164225675751844], [4.838501599664856, 52.164215956355825], [4.838493195483687, 52.16421358217031], [4.838464153221649, 52.16418520473435], [4.838407016717691, 52.16416286426604], [4.838392596596771, 52.164160019880555], [4.838349744581741, 52.164151560517624], [4.838306674108971, 52.16415136018077], [4.8382393880974925, 52.16417588127922], [4.838143073764045, 52.16410185753855], [4.838217538278016, 52.16386940068173], [4.838201647912739, 52.16387523283], [4.838187651859224, 52.16387998623022], [4.838168463728148, 52.16387955540669], [4.838147629908913, 52.163876268595864], [4.8381405854619075, 52.163871605152394], [4.838135438344341, 52.16386585578693], [4.837664502401151, 52.163818590074726], [4.837653598284554, 52.16386032764034], [4.837632032084973, 52.16385847991667], [4.83759988713308, 52.163861251334474], [4.837541023869912, 52.1638663340645], [4.8374976625202075, 52.163890966181185], [4.8374730243706905, 52.163948797647315], [4.837395044709041, 52.16424834007686], [4.83721428651479, 52.164203420123116], [4.837231258808882, 52.16415463095937], [4.837222262369787, 52.16410768016648], [4.8371748207757665, 52.16407434690453], [4.837108010246097, 52.16406023874668], [4.836989910125801, 52.16405002593616], [4.837020784548137, 52.16394507210303], [4.836721835420272, 52.163911815087474], [4.836679144195288, 52.16391750312697], [4.836587049520411, 52.16401365950144], [4.836519625175164, 52.16404921635641], [4.836486027088173, 52.16405732860613], [4.836418670568737, 52.16408737601808], [4.836317375313392, 52.16415312745379], [4.836098122295308, 52.16408449523646], [4.8360455277570065, 52.16408149024834], [4.836002269039224, 52.16409784426144], [4.835917854379146, 52.16418041003784], [4.835845702542485, 52.16419619757867], [4.835652866469928, 52.16417088474537], [4.835551002899956, 52.164218530846384], [4.835497645618045, 52.16418380306149], [4.835408095472558, 52.16419977953205], [4.8354283740736035, 52.164081600012], [4.835473197869892, 52.16391142227493], [4.835479309634221, 52.163881664302544], [4.835046044546787, 52.16383529768469], [4.8350314814563955, 52.16392675711646], [4.835007598593593, 52.16403658594593], [4.834971748530277, 52.16417474137246], [4.834962021978065, 52.16417424375234], [4.8349222879437255, 52.16436535052551], [4.8349092531524915, 52.16441558599991], [4.834900641408337, 52.1644694607813], [4.834879436161422, 52.16457144561502], [4.83482157067167, 52.164576112816036], [4.834821218195369, 52.16457624958272], [4.834805267918, 52.164553084501655], [4.834772009004818, 52.16453361338911], [4.834666854673147, 52.16452484302753], [4.834580625201527, 52.16453271727189], [4.834494067247393, 52.16456818336647], [4.83441747891876, 52.16457058395876], [4.834384578416623, 52.16455829949885], [4.834359036280251, 52.16447125147463], [4.834513837344942, 52.164081149059825], [4.8346242572193505, 52.16383812383897], [4.834662879790609, 52.163726375034464], [4.834703807449171, 52.16360680028731], [4.8347195866685535, 52.16355647791024], [4.8347438735888755, 52.163439899162384], [4.834741531716486, 52.1634330851079], [4.834732768295775, 52.16342669848261], [4.834705366089092, 52.16341530989757], [4.834647611332242, 52.16337406992576], [4.8345047482104, 52.163318222938486], [4.834453329046251, 52.163310554324944], [4.834365921694928, 52.163274224821635], [4.8342434733533794, 52.16331875245792], [4.834127637939721, 52.16362510366439], [4.8338637784735115, 52.16407681638439], [4.833819647844452, 52.1641621491481], [4.833825280398709, 52.16425863401022], [4.833816153122244, 52.16432605046141], [4.833816198039639, 52.16434966419719], [4.833660813594061, 52.1643426760929], [4.83357055851696, 52.1643442300597], [4.833454345415623, 52.16433483598618], [4.83346178446591, 52.16425710139433], [4.833326019342595, 52.16428026919502], [4.833323496158053, 52.1642834885723], [4.833313652526432, 52.16429925961949], [4.833291277387078, 52.16438887556353], [4.8332850779286325, 52.16441368057187], [4.833247648235027, 52.164536158220606], [4.8332161262144915, 52.16462046777916], [4.833182981620449, 52.164701367716354], [4.833162343017974, 52.164763964581056], [4.833132665103991, 52.16477621173023], [4.8330972552425555, 52.1647899500461], [4.8330471316412575, 52.164798719844256], [4.8329878026516475, 52.164803617458865], [4.8329401762056845, 52.16479831639174], [4.832908961671145, 52.16478952322486], [4.832893264630133, 52.16478005603191], [4.832884590255165, 52.16477603265943], [4.832881289887883, 52.16477450715592], [4.8328244764753565, 52.16476644668325], [4.832823029748964, 52.16476619001746], [4.832787810934892, 52.16475994770279], [4.83278413850471, 52.164759194323544], [4.832890858273515, 52.1644194252447], [4.832975908519394, 52.164096955235], [4.8330180934650135, 52.16393700704788], [4.832991461395835, 52.16390715294091], [4.83297272688033, 52.163873952801374], [4.832982539426425, 52.16385468346808], [4.8330069435663185, 52.163816167243816], [4.832998331326975, 52.163738865113736], [4.8329653463781375, 52.16369732000518], [4.832941456101605, 52.16369444844757], [4.832917374900743, 52.16370813206341], [4.832848908575237, 52.16382646230959], [4.832776189942984, 52.16390338234902], [4.832694271047027, 52.163943066365064], [4.832560388474628, 52.16411156617577], [4.832202456308697, 52.16408113033329], [4.831936606554999, 52.16403700464007], [4.831862833345908, 52.1642370866468], [4.83170475864991, 52.16421859831276], [4.831615341099401, 52.16433114783819], [4.831581809011618, 52.1643337502001], [4.831462302329984, 52.16432490939915], [4.830635577166948, 52.164240991955396], [4.830430150996997, 52.16421518875414], [4.83039685836982, 52.16419847558784], [4.830378073021295, 52.16417078449693], [4.830389010811579, 52.16411471083002], [4.830398510303895, 52.16406602578203], [4.830399724457603, 52.163968676026556], [4.830422584316324, 52.16390193401068], [4.8303631801127, 52.16384719481425], [4.830222645800522, 52.163812346227594], [4.830064890653958, 52.16377322681382], [4.830019989483971, 52.16376621171499], [4.8299766911872455, 52.163760875055615], [4.829966100412499, 52.1637920398119], [4.82990759797364, 52.1637823197371], [4.8298930338377755, 52.163787668979], [4.829879318323973, 52.1637928280843], [4.829857567799142, 52.16387039780769], [4.829824426277491, 52.16387779306971], [4.8297912214968095, 52.1639140173504], [4.8297015953851945, 52.16391640811834], [4.829500603796332, 52.163921759016915], [4.829485472865515, 52.16392216297435], [4.829281310000911, 52.16392759827877], [4.829312243745883, 52.16385700100197], [4.829222342759861, 52.163891916239066], [4.829126519866503, 52.16390761201186], [4.8289105942270165, 52.16387623151502], [4.828682990813784, 52.16385455372939], [4.828540968727252, 52.163840588032556], [4.828291601624253, 52.16380616199278], [4.82817627709581, 52.16380782497982], [4.828103205502201, 52.16381191890549], [4.82809844986409, 52.16381399329654], [4.82803183204078, 52.163808677555195], [4.827984538009563, 52.16380450586121], [4.827943236888857, 52.163785014471785], [4.827941491513754, 52.16378491811629], [4.827941119014396, 52.163739515660026], [4.8279490610087015, 52.163668008922336], [4.827958319473945, 52.16362068461452], [4.827977618167815, 52.16355439895498], [4.8279776288710226, 52.16355436125565], [4.828049082083635, 52.16330893912917], [4.828071753095415, 52.163243525098494], [4.828103781702702, 52.16316871160305], [4.827741880539808, 52.16311678699113], [4.8276722149162055, 52.16340034224694], [4.82765207188631, 52.16339822530816], [4.827637747463793, 52.16353148417083], [4.827637747114586, 52.163531512032264], [4.82763004224666, 52.16360318615634], [4.827595015779159, 52.16360085122371], [4.827204159902045, 52.16357080131267], [4.827175478547401, 52.16358055210678], [4.8271400482213975, 52.16367262882839], [4.827103809803377, 52.163715285125974], [4.826966472967397, 52.163734398003534], [4.826846681024628, 52.163720650851985], [4.82678401565438, 52.16370717849647], [4.826721641332309, 52.16367064222552], [4.8266881407181055, 52.163607889964894], [4.8266900686700325, 52.163586807644954], [4.826703974743808, 52.1635446080525], [4.826718133728353, 52.163478768256944], [4.826720081673656, 52.163469713009306], [4.8267209166917375, 52.16346583411577], [4.826724088257422, 52.16346432300047], [4.82677135923428, 52.16334967059567], [4.826870582761273, 52.16318212632664], [4.826922701470925, 52.16312636894316], [4.826935762096396, 52.16312437447822], [4.826935740009262, 52.16306801807728], [4.8267446776705425, 52.16304748972942], [4.826745039951296, 52.163018630655095], [4.826569364522369, 52.16295915775264], [4.826535153457758, 52.1629518739332], [4.82648086550368, 52.163045337612466], [4.826423425276344, 52.16316331121999], [4.826418225817162, 52.16317523619162], [4.826404824569044, 52.16320597382889], [4.826176077539416, 52.16317506126674], [4.826196766121419, 52.163109672316544], [4.826244525030823, 52.16295800852908], [4.826265754161653, 52.1629162356771], [4.826213796971998, 52.16291163573857], [4.826208467267498, 52.16290310046494], [4.826160937503906, 52.16286939380831], [4.826136093407196, 52.162851775846526], [4.8260367198496565, 52.16283225751322], [4.82591119269505, 52.16282012874735], [4.825816965634763, 52.16281802668738], [4.825732730476267, 52.162825508473446], [4.825659536084155, 52.16284528453722], [4.825642287054425, 52.16285863786647], [4.825635056572181, 52.16285795811066], [4.825632422027806, 52.1628662748475], [4.82563171505966, 52.162866822453694], [4.825604505590288, 52.162905969169806], [4.825575790953741, 52.16298959263313], [4.825474050385822, 52.163285861337606], [4.824917560284348, 52.16324861391009], [4.824806756679534, 52.16319442869118], [4.824767161192767, 52.16318912933506], [4.824822905219321, 52.163010422117644], [4.82481802625301, 52.163009866769045], [4.824453157526919, 52.1630220471267], [4.824421033351497, 52.16314280727632], [4.824349155553838, 52.163133186026926], [4.823959206378945, 52.16308724769062], [4.823812363263944, 52.163069947451504], [4.82366125249003, 52.16305959782101], [4.823648694210628, 52.16306485790346], [4.8236221348389465, 52.16306138838037], [4.823654297031683, 52.162969277304015], [4.823766362404679, 52.16258480882017], [4.823458662888254, 52.162550612593066], [4.823277602168599, 52.162935346095956], [4.823257760211587, 52.1630380931545], [4.823217473385772, 52.16303258953841], [4.823035338007803, 52.163016151478935], [4.823005602867, 52.16301047623218], [4.8230526260041096, 52.162804653261254], [4.823121130303643, 52.16250478795176], [4.822880868913561, 52.1624735568759], [4.822877156822558, 52.16248764775138], [4.82287116928707, 52.162510397670424], [4.82285460964747, 52.16251031847267], [4.822705033156341, 52.16248744552974], [4.822616727505211, 52.162480380840144], [4.822455716656653, 52.16244857531861], [4.822421068859007, 52.162453947059724], [4.822405291462318, 52.162487117645455], [4.822423987257499, 52.16252710443074], [4.822473563106545, 52.16255837044146], [4.8225652758758635, 52.16259870663086], [4.822595717972583, 52.162623228035784], [4.8225744430303354, 52.16270222425605], [4.822498789413544, 52.16269482184599], [4.8225001039762505, 52.162691304799914], [4.8224443446875, 52.162635966925045], [4.822358807371717, 52.16260333694344], [4.822298710309125, 52.16256153139762], [4.822327935178345, 52.16244994106629], [4.822298419181747, 52.16243437527848], [4.82224950483109, 52.162428354555104], [4.822215998800529, 52.16242423037629], [4.8221995611930675, 52.16242490487403], [4.8221904722965485, 52.1624283406498], [4.822175085574206, 52.16243744203088], [4.822164563181433, 52.16246395329403], [4.8221479542614425, 52.162564773332846], [4.822081555191536, 52.16274975502817], [4.822001712309262, 52.16284087062897], [4.82190947458647, 52.16312111022207], [4.8218428079155835, 52.16329326266638], [4.821745712549489, 52.16329103665618], [4.821741630755968, 52.16319592205211], [4.821736305059645, 52.163107742099896], [4.821725261658708, 52.1629248342751], [4.821719342192093, 52.16289842492078], [4.821730578582267, 52.16285953510627], [4.821768954331336, 52.16268816483671], [4.821644348403293, 52.16267935075353], [4.821594992369071, 52.16269052907876], [4.821572703679847, 52.16276380113215], [4.821465151132758, 52.162781954723954], [4.821468936495902, 52.162789800613396], [4.82131795426824, 52.16283411424983], [4.821219806307548, 52.16286796190952], [4.821132505691119, 52.16295011776396], [4.821030323457244, 52.16296091479214], [4.82096179881133, 52.16312846671371], [4.820905507624665, 52.16326162409893], [4.820902166724691, 52.16327013328301], [4.820895666168473, 52.16328668963335], [4.8208558465010505, 52.16326959639268], [4.820852976858139, 52.16326952869106], [4.8208548503469295, 52.163267012025486], [4.820747934159739, 52.16319031025615], [4.820371286039386, 52.1631296941946], [4.82027531756261, 52.163131066729434], [4.820272343356026, 52.163008251548355], [4.820275081654008, 52.16291253958045], [4.820282875347401, 52.16287196696497], [4.820343624331612, 52.16281131585988], [4.820388952005682, 52.162735846558434], [4.820415224815007, 52.16267746558014], [4.820447883355304, 52.16260489608271], [4.820475372841762, 52.16254380113301], [4.82051389202433, 52.16245821262847], [4.8205522039365185, 52.162413817404726], [4.8205954464157, 52.162363707837], [4.820627831062931, 52.162336981708506], [4.8206685887681076, 52.16230334437049], [4.82032376765724, 52.16226846827166], [4.820327498287152, 52.16225585700508], [4.820208555211433, 52.16224812380875], [4.820199375898267, 52.16227673827971], [4.8201331875738, 52.1623079361129], [4.820072528898102, 52.16231859210226], [4.819980128190706, 52.16230501634157], [4.8199226575258605, 52.16227997782967], [4.8198472535369135, 52.16242634614566], [4.819698006409111, 52.16269057087126], [4.81960592109766, 52.16284412117785], [4.819542554872888, 52.16295845065006], [4.819527833382022, 52.1629935691593], [4.8188096697691405, 52.16280938168019], [4.818797091855969, 52.162806155478236], [4.818738703888818, 52.16272413455007], [4.818721416054157, 52.16269985527551], [4.818702383953648, 52.16264750672379], [4.81868208234638, 52.162577096741664], [4.8186679876066405, 52.16251819088023], [4.818662892847534, 52.16249694540995], [4.818624786723547, 52.16247315003339], [4.818564717119597, 52.16246607633321], [4.818491923979216, 52.16246400697446], [4.818405121265913, 52.1624615392743], [4.818278104382145, 52.16245529136125], [4.818151004923106, 52.16245655697122], [4.818110438196338, 52.16246323722218], [4.818095499268553, 52.16246569082723], [4.817969379721606, 52.1624594487074], [4.81793567934888, 52.16244503008319], [4.817946886326223, 52.16237935232069], [4.817859102767264, 52.16237576585945], [4.817780842560328, 52.16237538820749], [4.817760249334991, 52.16232154892549], [4.817715568995361, 52.16231707292179], [4.817682423139417, 52.16232851658696], [4.817679781572897, 52.16233967605529], [4.817607335020953, 52.162330392169515], [4.817571128924886, 52.162319135045095], [4.817484437866142, 52.162309431778255], [4.817471500280938, 52.162308525325756], [4.8175313477194175, 52.16211179225164], [4.817532789321242, 52.162088153295414], [4.817525073605605, 52.16206401083453], [4.8174981945037585, 52.16204112316463], [4.81746689624794, 52.16202782064091], [4.8174200931115125, 52.16201574920884], [4.817385312729101, 52.162013161650066], [4.817269041973114, 52.16200098924694], [4.817175630112332, 52.161989221974395], [4.81707928858746, 52.16197179683815], [4.8170770415759305, 52.16197139050399], [4.817212488225664, 52.16161932361923], [4.817215578956981, 52.161611223185716], [4.817106535356671, 52.16159821997595], [4.817025907877963, 52.16161977934514], [4.816978984560655, 52.16165126263591], [4.816952463439422, 52.161741366095264], [4.816936103584156, 52.16174397447188], [4.816918040392842, 52.16175418754238], [4.816893997135202, 52.16175898782804], [4.816867995872704, 52.161760093519526], [4.816832251505835, 52.161742717494576], [4.816802633776832, 52.161728319176554], [4.816764468169868, 52.16174190984482], [4.816591414016415, 52.16218718440395], [4.816572596250027, 52.16223560492058], [4.816402140413264, 52.1621918855905], [4.81639327103458, 52.16218051946345], [4.816364639674164, 52.16217000867192], [4.8163272408932825, 52.16214027482931], [4.816312811593941, 52.16210733010684], [4.816297641787398, 52.16207046298367], [4.816300879606742, 52.16203235827989], [4.816301741563852, 52.16202221217833], [4.816302398000355, 52.16202025235142], [4.816302020273251, 52.162018931968085], [4.816302964686466, 52.16200782363896], [4.816292820818136, 52.161986750470525], [4.816280083482411, 52.16194219050621], [4.816246637644449, 52.16192485508666], [4.816211854917047, 52.16189914795418], [4.816171505340471, 52.161880866810755], [4.816139206392604, 52.16187031124919], [4.816101294935361, 52.16186355025758], [4.816059911678282, 52.161862100599926], [4.816051099814164, 52.16186178830203], [4.815995398436778, 52.161876762494046], [4.8159832998241106, 52.161884545150016], [4.815941196503366, 52.16188796981205], [4.815916395049878, 52.16188998890212], [4.815812568492217, 52.161843430178095], [4.815758283207442, 52.16181615801017], [4.815740082714525, 52.161810925966336], [4.815577740275654, 52.161738129543956], [4.815577560083587, 52.161738048676824], [4.815529263123133, 52.16172399816198], [4.815495216446816, 52.161732391677795], [4.815457978117731, 52.16174726722326], [4.815401851413403, 52.16177969937785], [4.8153648315441995, 52.16180695347958], [4.815298472625777, 52.161885026155055], [4.815281467764954, 52.16191298933193], [4.815239736212886, 52.16198162338712], [4.815239152946223, 52.16198265958529], [4.815087541181589, 52.161956054072256], [4.814985806010319, 52.16193201907761], [4.814868403993372, 52.16191159312691], [4.814849116202688, 52.16190522047305], [4.814819852123702, 52.16189554033203], [4.8147807875993704, 52.16188263174593], [4.814712452913748, 52.161884459152155], [4.81467099888922, 52.161877246386084], [4.81458368975521, 52.161860922733865], [4.814476623964054, 52.161855989925954], [4.814404177995697, 52.161857480815875], [4.814361167330457, 52.16185461242716], [4.8143509589462345, 52.161858576057064], [4.814303112380987, 52.16185956074083], [4.814234777200601, 52.161818036410786], [4.81409504286417, 52.16177469121114], [4.81382255687448, 52.16173953612349], [4.813811885797868, 52.16174140232966], [4.81380571623592, 52.16173984976171], [4.813796944834654, 52.16174401447029], [4.813781646452059, 52.161746689586444], [4.813585644464396, 52.161724971645576], [4.813558175439253, 52.16171961960323], [4.813529582978948, 52.1617084306055], [4.813507434329667, 52.16169326063897], [4.813457727699746, 52.16167181778711], [4.8133960213726255, 52.16165157129888], [4.813321115602119, 52.16163467066936], [4.813175297243822, 52.161608926762504], [4.813164863031101, 52.161614991510824], [4.8131384701789806, 52.16160722230986], [4.813194275612148, 52.16151303863737], [4.812866224763851, 52.16142750857632], [4.8129416594525924, 52.161295308284316], [4.812957822608501, 52.161266980022084], [4.812969745324338, 52.16124608586041], [4.812581098995626, 52.1611578305879], [4.812696262209868, 52.16093984363686], [4.812156902299529, 52.16082151491338], [4.812047171191232, 52.16102345798182], [4.811778182177345, 52.160974070837575], [4.811218443714684, 52.160852582473524], [4.811218467954989, 52.16085251607983], [4.8112233794332875, 52.16083975895845], [4.811247356130468, 52.16080512256119], [4.8112708875340395, 52.16077112753432], [4.811290755325237, 52.16074243019082], [4.811307400412519, 52.16071838733813], [4.811329948870412, 52.160685809421174], [4.811327918350446, 52.16064608103612], [4.811312959312883, 52.16061952005266], [4.811275081238141, 52.160589917072], [4.811231876751055, 52.160576466682855], [4.81117313948158, 52.16058206715338], [4.811109001280902, 52.16061117210658], [4.811061007273021, 52.160663656644815], [4.811022681412843, 52.160705564425875], [4.810995153246274, 52.16073566780627], [4.810971144212026, 52.160773023798484], [4.810968971179258, 52.16077640619881], [4.8109633637537454, 52.160781027465724], [4.8109514826643744, 52.160801464137016], [4.810945020255046, 52.16080031175713], [4.810959438069453, 52.16073529384766], [4.810974073125799, 52.160669293697154], [4.810983835411619, 52.16062527444808], [4.8109997066164825, 52.16058725853172], [4.811014746916139, 52.16055122672626], [4.811028576216164, 52.16051809396362], [4.811033377887681, 52.160485308997146], [4.811039766728597, 52.16044165076972], [4.81102246076476, 52.16039889968148], [4.81098444721414, 52.16037959632275], [4.810943628175649, 52.16038086203164], [4.810935558605506, 52.160383642190936], [4.810935424414504, 52.16038350851143], [4.810924756126697, 52.16037758806622], [4.8109153013787225, 52.16037751492284], [4.81090690141521, 52.1603784913495], [4.810897010369442, 52.16038051659601], [4.810882265737571, 52.16039398067658], [4.810857955918112, 52.16043268069914], [4.810853610618309, 52.16043780247245], [4.810820034150725, 52.16047000465399], [4.810790553881269, 52.16049045420501], [4.810765537423172, 52.16050780847876], [4.810760060496265, 52.16051160526483], [4.810704212822068, 52.16055034890964], [4.810647392904163, 52.160604504190694], [4.810621917345672, 52.16064574210407], [4.810573595311385, 52.160634071278764], [4.810656202236022, 52.16049883622737], [4.810529182732467, 52.16046716514487], [4.810517820195059, 52.16046521131986], [4.810352541741, 52.1604246669309], [4.8102986410149535, 52.16035513289506], [4.810326956323093, 52.16029851319135], [4.810333548300611, 52.1602853328921], [4.809812962633137, 52.16014964644568], [4.809793340798645, 52.16017938737018], [4.80910910618387, 52.16000064998802], [4.809127218563661, 52.1599644869614], [4.80902170867229, 52.159941709107294], [4.808993358260231, 52.15998095520357], [4.808713815893591, 52.159928376059774], [4.80871155124602, 52.15992821665236], [4.808684592910259, 52.159922945068516], [4.808647799076948, 52.15989996180389], [4.808586526829995, 52.15987657446275], [4.808549322553744, 52.15986237593696], [4.808495510753918, 52.15984183482181], [4.8083887159833525, 52.159816306025135], [4.808344035629128, 52.1597965394713], [4.808234000094492, 52.15974786641179], [4.8082213137831005, 52.1597455733084], [4.808220880598924, 52.15974223838895], [4.8082184401196635, 52.15973321223063], [4.808210048848689, 52.159726536025055], [4.808197807971544, 52.159723816371745], [4.808167755299317, 52.15971622762727], [4.808133655410521, 52.159710028348655], [4.808111270490911, 52.15970732091817], [4.808095341122167, 52.15970830513003], [4.808078666404411, 52.15971312091093], [4.8080650637910285, 52.15971938986754], [4.808051802758773, 52.159726703120846], [4.808049978933196, 52.159727712522084], [4.808033267131715, 52.1597269366069], [4.808015951537782, 52.159723248271874], [4.807996343947224, 52.15972184784319], [4.80801574358163, 52.159763499634614], [4.807951061293202, 52.15978220544927], [4.80787640230246, 52.1597636927833], [4.807597410214909, 52.15968514072328], [4.8075617664387895, 52.15969261630592], [4.8075279309450725, 52.15969791575065], [4.8074871857653765, 52.159696346671545], [4.807462489587908, 52.159691784298836], [4.807444780811442, 52.159711626637055], [4.807366453984454, 52.159814078381785], [4.807056773231447, 52.15957426940134], [4.806874995880508, 52.15954528938726], [4.8067866039386455, 52.15949242600086], [4.8062605012177215, 52.15917778545811], [4.805131400669226, 52.15891151298621], [4.804987989463834, 52.15887110307177], [4.805005970844757, 52.158843750171584], [4.804502926714345, 52.15871570999624], [4.804478380863198, 52.158752321420174], [4.802392636396356, 52.15820930527801], [4.800401273289793, 52.15763389957177], [4.797808432663675, 52.156884622498985], [4.796954774759593, 52.15665997737367], [4.796962048185291, 52.15665243767012], [4.796888136778449, 52.15664244067478], [4.795139860532013, 52.15618234262687], [4.795150006516403, 52.15616978229915], [4.794903526013883, 52.1560968916963], [4.794778663112108, 52.156059961680995], [4.794759153752361, 52.156082146185184], [4.794571822704228, 52.15603284285313], [4.794457822431801, 52.15600283759109], [4.794457547918453, 52.156002491067575], [4.7944386346029875, 52.15597899633697], [4.794428640509483, 52.15597526008792], [4.794427858991022, 52.15597171573616], [4.794427279142983, 52.155969051436905], [4.794415288009895, 52.15595327274083], [4.79440396610233, 52.15594080144333], [4.794381969614817, 52.15591916523599], [4.794356505443782, 52.15589532658378], [4.794342280584091, 52.15588830817239], [4.794318144508071, 52.155876707235144], [4.794292439602095, 52.155871552785605], [4.794272908367407, 52.15586874110678], [4.7942489462925, 52.15586714841554], [4.794222021539983, 52.15586791009933], [4.794169525125468, 52.155876042033], [4.794159088589169, 52.15587921541007], [4.794118751625381, 52.15587096915258], [4.7940694440721545, 52.15585872839506], [4.7940655034451485, 52.155852195782415], [4.794061094065296, 52.15584200803609], [4.794059764428463, 52.155835395074085], [4.794059470639814, 52.15583429974137], [4.794056311104834, 52.155822540861685], [4.794055274336157, 52.15580917209461], [4.7940535065513945, 52.15579274997892], [4.794046498715637, 52.15577905997448], [4.794031466521067, 52.155768909596006], [4.794009977099681, 52.1557592840117], [4.793979731097347, 52.155749136222866], [4.793954397157507, 52.15574345596124], [4.7939129312901905, 52.155741988197775], [4.793883377214937, 52.155741246348754], [4.793848812328014, 52.155742700257626], [4.793814899740861, 52.1557444423611], [4.793783328890872, 52.15574591131035], [4.793778176713778, 52.1557466484865], [4.793634331051302, 52.15571229842885], [4.793620565109661, 52.15573134063165], [4.793086155312669, 52.15560437341526], [4.7920575411231185, 52.155262164312795], [4.791872553104924, 52.15520233708882], [4.788906686489525, 52.154411289988914], [4.788789638430331, 52.15438009709637], [4.7888109240531085, 52.15434187964877], [4.788369956506128, 52.15420997019324], [4.788328032596662, 52.154256937908414], [4.787788875173032, 52.154113120022494], [4.787781645309751, 52.15409827982234], [4.787774465556794, 52.1540856941015], [4.787762274838224, 52.15406736106886], [4.787748041856969, 52.1540521419343], [4.787727756867705, 52.15403916873976], [4.787705345869109, 52.154028037193186], [4.787675013366992, 52.15402223939321], [4.787650722192628, 52.15401934579724], [4.787628131601696, 52.15401691204392], [4.787625276611935, 52.154017106058404], [4.787528397972324, 52.15395311423038], [4.787526688841467, 52.15395198562019], [4.787530083327931, 52.15395089913192], [4.787552056094507, 52.15391076193689], [4.787414940784419, 52.15386264076629], [4.787401863794741, 52.15380554183789], [4.7874070431977716, 52.153797329643325], [4.787399333670899, 52.15379449693142], [4.787384270499971, 52.15372872333524], [4.78710806819923, 52.153645259629606], [4.7870937890510925, 52.153636981719394], [4.787080406047149, 52.15363019680224], [4.78705826407121, 52.153622886458656], [4.787044497890481, 52.15361971461791], [4.787021457472462, 52.15361825906505], [4.786857951956464, 52.15351025520999], [4.786871795085401, 52.153492157030506], [4.7868690369782705, 52.153481125332384], [4.786863982407523, 52.153452875051826], [4.786846561957006, 52.15343305653146], [4.7868444534990315, 52.153430656753514], [4.786841256544297, 52.15342748654525], [4.786846676313853, 52.15337933679592], [4.786832735114, 52.153347780390526], [4.786792688150489, 52.1533343190675], [4.786723781531994, 52.15333065171718], [4.786703015736755, 52.15333750553114], [4.786655623867417, 52.15332562194188], [4.7865610704850665, 52.1532970103722], [4.786484559318745, 52.153241881211194], [4.786461752958381, 52.15314820571718], [4.786417096262963, 52.15313212501537], [4.786441932156276, 52.153104045811084], [4.786380080033782, 52.15308240374656], [4.786337319791404, 52.15306743282134], [4.786326948558506, 52.153063805411534], [4.786249268491842, 52.15303662595564], [4.786231656124445, 52.15305965553027], [4.786102003411369, 52.15296623374504], [4.786007027348752, 52.15289779221722], [4.7860387797611, 52.15285817701095], [4.786014375640777, 52.15280848214359], [4.785990091678982, 52.15274997500976], [4.785963661964831, 52.15271789555384], [4.785895865370553, 52.15269882320377], [4.7857943137026995, 52.15265975089069], [4.785721377480288, 52.15263422032247], [4.785719475029037, 52.15263182966343], [4.785680153103493, 52.15262612212971], [4.785651457555393, 52.15262927984658], [4.785613852785629, 52.15262908808193], [4.785581724422036, 52.152621213307114], [4.785519198222508, 52.15260987944387], [4.785445912183552, 52.15259959080993], [4.785390400001851, 52.152599307625685], [4.785359972487801, 52.15259805134727], [4.785327651198355, 52.15260449542764], [4.7853269904179205, 52.15260462687843], [4.785307672478002, 52.15256358822418], [4.78527633668404, 52.152543535779735], [4.785224741020729, 52.15253498543365], [4.78518449265489, 52.15253644464565], [4.785161330632999, 52.152549582154116], [4.785148165767737, 52.15257250843373], [4.78514843551354, 52.15257287652664], [4.78514803686443, 52.15257274865807], [4.785133520736681, 52.152567468640484], [4.785056194577396, 52.15253919274518], [4.785056178227946, 52.15253942994868], [4.785054715376301, 52.152538901169414], [4.785056254791973, 52.152538303226386], [4.7850571330670215, 52.15252561824923], [4.785058493943769, 52.152505968126945], [4.785047456551473, 52.15247276351619], [4.785007591143537, 52.152446044996275], [4.784944597726385, 52.15243081208167], [4.784875627082023, 52.15243211376217], [4.7848233472920105, 52.15245501285498], [4.784818476065403, 52.15245324607855], [4.78481855146666, 52.15244960626555], [4.784989599550048, 52.152092034219734], [4.785210840331286, 52.15184269353612], [4.7851216874278535, 52.15181590597952], [4.78543105442496, 52.151169157114175], [4.786176293366944, 52.14982410189145], [4.7863845012651405, 52.14960511924067], [4.7864101177450165, 52.149612602015004], [4.786613412310462, 52.14935855544304], [4.786565743993101, 52.149329844577], [4.786396192247435, 52.14922700970178], [4.786492168315205, 52.14914159967195], [4.786497044353739, 52.14913212403141], [4.786498417797776, 52.14911897956863], [4.786494979245785, 52.149109463384164], [4.786482068187752, 52.14909844018452], [4.7864544495130374, 52.14908666976816], [4.78644395997907, 52.1491029837628], [4.786112789148429, 52.14899424066419], [4.786078584806166, 52.14898458297205], [4.7860271568778385, 52.14897005490025], [4.785930530046639, 52.14894748932157], [4.785778211093131, 52.14891610818047], [4.785751699278624, 52.14891135220031], [4.785619788953185, 52.149073151086256], [4.78546206477694, 52.149266592167336], [4.78366254898621, 52.149169810164956], [4.782783403489837, 52.1491836589913], [4.782853737957558, 52.1491073378577], [4.782705741198409, 52.14905359798348], [4.782694319170813, 52.149056233198465], [4.782567812391384, 52.14918705449311], [4.781943097550444, 52.149196890727346], [4.781957813730992, 52.149178029101975], [4.78147780877312, 52.14900037902318], [4.7811360373579985, 52.14887387791509], [4.78099206411332, 52.14882059248874], [4.7809364422309475, 52.14880000239886], [4.780834056972973, 52.14879520856286], [4.780784354263656, 52.148790850866256], [4.780762169029451, 52.14878891491466], [4.780689859054646, 52.14877808812637], [4.78061311097354, 52.14876097462999], [4.780538515074341, 52.148737628084504], [4.780482078797345, 52.14871914580586], [4.7802094178750885, 52.148608833659075], [4.780144935029732, 52.1485801900533], [4.77999502596669, 52.14851358746744], [4.779931170821396, 52.14848597252262], [4.779860792532038, 52.14845584951921], [4.779826324587636, 52.148441101356845], [4.779689529437662, 52.14838879773937], [4.779637088016771, 52.14836874291948], [4.779459994747393, 52.148297588166116], [4.779437322273212, 52.1482878890743], [4.779341333482291, 52.14824681472185], [4.77925912049376, 52.14821106037606], [4.779205705709114, 52.14818418820994], [4.779113285219014, 52.148137539635464], [4.779021942342303, 52.148089987841885], [4.778973898730012, 52.148061399563105], [4.778925969848751, 52.14803286668381], [4.778911166120777, 52.148023441761474], [4.778879904550357, 52.14800353446255], [4.778798309895058, 52.14795076661093], [4.778713494097394, 52.14789390146303], [4.778634316960994, 52.14783412622044], [4.77857917120268, 52.14779603031712], [4.778490891066536, 52.14785948141403], [4.778391758985612, 52.14783969018171], [4.778280472059431, 52.14781746144558], [4.778130625898745, 52.14778755714931], [4.7780828258778865, 52.14778594949935], [4.7781088311499875, 52.14768408983177], [4.778114706656404, 52.14763809184179], [4.778053029630705, 52.14759643051566], [4.778200295510463, 52.14748894216533], [4.778153294532946, 52.147444946942514], [4.778126153508646, 52.147415531476504], [4.778083077151416, 52.147368851056996], [4.77795021875402, 52.14723110540252], [4.777917866093447, 52.14719411381564], [4.777874882254931, 52.14714496744537], [4.777854245010145, 52.14712195182262], [4.777774196228414, 52.147032661575565], [4.7777166695984405, 52.14695621578164], [4.7776379806763485, 52.146860678506876], [4.7775982306763, 52.14681421103517], [4.777588075113136, 52.14682844252127], [4.7775821632468025, 52.14683361970202], [4.777474256824823, 52.14671853036445], [4.7773403087001665, 52.146944258445515], [4.777290016114661, 52.146986260692174], [4.777266066750991, 52.1469873376632], [4.777247257914395, 52.14696922274125], [4.777229961327767, 52.146952600480134], [4.776805065134571, 52.14657443498409], [4.776829529877031, 52.146538200907635], [4.776901003287663, 52.146537105692566], [4.776965772459748, 52.146509146103526], [4.77700828125762, 52.14642731315867], [4.777022144207847, 52.14633443836036], [4.77702852964845, 52.14629160687978], [4.776996717835347, 52.14626314758739], [4.776900499862023, 52.146237186307346], [4.776840667918047, 52.14625562329254], [4.776807468134322, 52.146239574802166], [4.776943245250024, 52.146085641569286], [4.776909891723788, 52.14605358800057], [4.776886746779212, 52.14603133220656], [4.776885844599731, 52.14603053118751], [4.776904285616516, 52.14600613837871], [4.776894058468842, 52.1459879743237], [4.776842357558665, 52.1459919635764], [4.776837998172151, 52.14598809768104], [4.776827812125454, 52.14600049356449], [4.776786173334569, 52.14603118834328], [4.7766638409799596, 52.14617244219404], [4.776534377550721, 52.1462623456127], [4.77647865867997, 52.14629644939375], [4.776209294462744, 52.14608184625573], [4.776211647257536, 52.146075930754584], [4.776218791736767, 52.14602049555812], [4.776236686842752, 52.14598722871375], [4.7762692666240385, 52.14594145271419], [4.7763021590889565, 52.14589524239939], [4.7763545091113295, 52.14583855918169], [4.776440118049013, 52.14572978024183], [4.776463526641966, 52.145701962670756], [4.776462515668638, 52.145701319276576], [4.776463761635972, 52.14569973572346], [4.776482621738165, 52.145672267604034], [4.776355685043237, 52.14556139477389], [4.776334927677104, 52.14554417381582], [4.776210805831594, 52.14544118363698], [4.776192007688082, 52.14542514216176], [4.776162611234502, 52.14545279922942], [4.776133682782791, 52.145482873832414], [4.7761202268477225, 52.145503927185715], [4.776110567366682, 52.14552139685524], [4.776077362585039, 52.14556171646016], [4.776060158465096, 52.14558260747365], [4.776034787893864, 52.14557143585658], [4.775895621790881, 52.14550983245485], [4.776083660954459, 52.145325656257484], [4.776083998305738, 52.14530100348832], [4.77578422957847, 52.14503886519036], [4.775703876789376, 52.14498376735416], [4.775672231822714, 52.14495477555953], [4.775605432956675, 52.144895178350204], [4.775514083400776, 52.1448136691762], [4.775508954465192, 52.14480861909377], [4.7753370220913, 52.14465200561064], [4.775085781413518, 52.14489970902212], [4.774837396912461, 52.14470269440054], [4.77483534212843, 52.14470103889878], [4.774838929273951, 52.14470110965474], [4.774867016265449, 52.14467201699659], [4.775065912101682, 52.144466017982545], [4.775103944416956, 52.144423746313514], [4.774801226761656, 52.144211411508195], [4.774816597038604, 52.14417403675221], [4.774793125650097, 52.14415325379569], [4.774758770996234, 52.14412283024502], [4.774548626211257, 52.14393668787417], [4.774446715705538, 52.143841929265314], [4.774414117408712, 52.143883706748404], [4.774406760713332, 52.14387993933693], [4.774396119868093, 52.143876170140956], [4.774390034690811, 52.143876624782656], [4.774377596294197, 52.143882375493604], [4.774181639741523, 52.14408685167086], [4.7739057096819195, 52.14398426349278], [4.77424754737645, 52.14365434234433], [4.774233138209184, 52.14364072229748], [4.774029207527963, 52.143452609603486], [4.774017610143812, 52.14344190732419], [4.773899362856887, 52.14333428751519], [4.773893373308015, 52.143328847292636], [4.773640467939663, 52.143098666286306], [4.773486590581963, 52.14295525138146], [4.773408827983512, 52.14288277152475], [4.773098866334245, 52.143168441257565], [4.773020979906417, 52.14315958860871], [4.772884392834802, 52.14306353080591], [4.772825913415404, 52.14311679654086], [4.77266312222542, 52.14297660221517], [4.772746749384575, 52.142861658673674], [4.772873481284841, 52.14275977919824], [4.7729450564821, 52.14269370520129], [4.772938457129964, 52.14268874891147], [4.772858960778377, 52.142652241073115], [4.772831566151456, 52.14264703533902], [4.772570603468378, 52.1428624683619], [4.772452778503484, 52.14270967116708], [4.772453246098334, 52.14270902645655], [4.772464297201139, 52.14269378350692], [4.772483930970859, 52.14267599849704], [4.772450358968371, 52.14267031646137], [4.772445934799069, 52.142611029938486], [4.772459620660021, 52.14254011365069], [4.772719535507712, 52.14224656645749], [4.772658944565311, 52.14219185347862], [4.772526046415909, 52.14206993842567], [4.772445648699085, 52.14199617594857], [4.772373057367327, 52.14192819934646], [4.772336689778606, 52.14196528636986], [4.772327556961895, 52.14196492866417], [4.772301188368107, 52.141979882317465], [4.772259236965179, 52.14202494596318], [4.7722027644189975, 52.142006882790994], [4.772101924968672, 52.141974627787675], [4.77183574799926, 52.1418933443465], [4.772005513858354, 52.14170117319704], [4.771901865786865, 52.141664374230544], [4.7719011523190655, 52.141664521509476], [4.771894902359219, 52.14165341638013], [4.77184222447369, 52.14167881173855], [4.771783913562989, 52.14173133991805], [4.771680195428294, 52.141881215615086], [4.771415383643191, 52.14163923711784], [4.771438335778902, 52.141614506472486], [4.771414594660774, 52.141602478587245], [4.771415385090852, 52.14159865645177], [4.7713335789370195, 52.14155656554054], [4.771333228759717, 52.14155611070834], [4.771225694673545, 52.14150106105062], [4.77114739344629, 52.141460983687324], [4.771114779439143, 52.141429032959515], [4.771100442666936, 52.14138698691979], [4.771147858047689, 52.14134680762919], [4.7711628270104205, 52.1413341244201], [4.7711765602547604, 52.14132248816776], [4.771314043846728, 52.14122056134236], [4.771338194632433, 52.141176906096796], [4.771333237207237, 52.141157257242064], [4.771301954772394, 52.14114803560488], [4.7712256739068275, 52.141176318461156], [4.77113682442791, 52.14117871620445], [4.771019657965464, 52.14114765039477], [4.7709019050646155, 52.140994257831885], [4.770890259854981, 52.140983310507835], [4.770802190630881, 52.14090051143242], [4.77079788299841, 52.14089646221892], [4.770803562804133, 52.14089582138748], [4.77099504962473, 52.14067342112587], [4.771015850874265, 52.140654429052674], [4.770884292112219, 52.140533499694676], [4.770861109450348, 52.14051238937093], [4.770586916953746, 52.14069813111754], [4.770382743645306, 52.140506182597946], [4.76999528790171, 52.14026370040743], [4.770133454286664, 52.140247020519006], [4.770183431355351, 52.140229170840534], [4.770199451494956, 52.140205103442774], [4.7701501815594245, 52.14017314439157], [4.769956656179241, 52.14016458161818], [4.769888731779068, 52.140150283648], [4.769864827631621, 52.140143056070784], [4.769823724708706, 52.14012615347143], [4.7697666412123265, 52.140091133329605], [4.769745819597019, 52.14008780295814], [4.76950682429715, 52.139672439455154], [4.7694007521668125, 52.13958854012576], [4.769611807998504, 52.139366532190124], [4.769541591695877, 52.13933447217056], [4.7694994990903865, 52.13935085286123], [4.769416106993884, 52.13932626483053], [4.769366406399476, 52.13932449445408], [4.769282426884655, 52.13934216563362], [4.769126541718591, 52.13937165327985], [4.768890975016324, 52.139185326840796], [4.7688612148662, 52.1391446790925], [4.768690192859903, 52.13890447128498], [4.768791729107154, 52.1388309618909], [4.76877575655718, 52.13877613566776], [4.768874226480558, 52.138733631902426], [4.768961845360186, 52.13866698196912], [4.769052448719309, 52.13858658043005], [4.769075366284673, 52.13854712293037], [4.769051199342246, 52.138474724158826], [4.76901541674701, 52.138433237738106], [4.7690782474003, 52.138338925205666], [4.769143803498866, 52.13824978883062], [4.7691284405334375, 52.138191007453905], [4.769084284464483, 52.13817817370758], [4.768517455950753, 52.13801347629581], [4.768543915491746, 52.13798333574287], [4.770307492797017, 52.13597433361081], [4.770271651906033, 52.135974146117036], [4.770164540025898, 52.135961505612975], [4.770057845220073, 52.13591868490303], [4.769944485998743, 52.13583630461194], [4.7695303109984595, 52.135657746654225], [4.769431266605551, 52.13563005658834], [4.76938972514134, 52.135605678746074], [4.7687542023402125, 52.13525252773916], [4.768780376759779, 52.135252665004266], [4.768830349261578, 52.135233305866514], [4.768932169443435, 52.13515534599129], [4.768945960659846, 52.13514143269286], [4.769091383487556, 52.13499466308362], [4.769252841268073, 52.13481213426921], [4.768930710999192, 52.1346251599298], [4.76892679261252, 52.134623014580896], [4.76887846892017, 52.13459654629386], [4.768976463053472, 52.13450786499154], [4.769077700295495, 52.13440982953315], [4.769141909105563, 52.13434640304565], [4.769172623295321, 52.13431492743072], [4.7692819804129165, 52.134226309021315], [4.769358113068371, 52.134164787472564], [4.769456052094066, 52.13407879115068], [4.769596892686496, 52.133950262680976], [4.769731395082225, 52.1338249968202], [4.769788489035262, 52.13377530351351], [4.770017876886416, 52.133571375193945], [4.770382029870847, 52.133237338369504], [4.770869239563912, 52.1327969124189], [4.770930392203581, 52.13273879088441], [4.770965400666985, 52.13271231579668], [4.771188898838114, 52.132568970701335], [4.771301534228638, 52.13250267980262], [4.771321316405542, 52.13249460387962], [4.771358329463937, 52.13248828075571], [4.771542741754058, 52.1324658825259], [4.771566659815354, 52.132463237241076], [4.77171306648068, 52.132456649168034], [4.771734643767662, 52.13245545041296], [4.771751472610957, 52.1324507655235], [4.771765851223296, 52.13244169149951], [4.771778748085762, 52.13243118691197], [4.7723450261131735, 52.131927971620954], [4.772596869809551, 52.13171229997154], [4.773117188479091, 52.131261594846116], [4.773354414123729, 52.13105375684904], [4.773420542869032, 52.131080462507164], [4.773448789977005, 52.13109528812923], [4.773779459665058, 52.13073831566769], [4.773801064829914, 52.1307189614573], [4.773822942116567, 52.130700848128434], [4.773837158454064, 52.130690756445354], [4.773897657078514, 52.13062988677998], [4.774044671460202, 52.13054067964076], [4.774255137315212, 52.130405847393675], [4.774371127042592, 52.13032086211171], [4.7741991692673516, 52.13023240634972], [4.774164300731759, 52.13026078052774], [4.774143811550888, 52.130279511434296], [4.774099665065254, 52.13031986623848], [4.774017958602247, 52.130345891803], [4.773951303338268, 52.13036695501656], [4.773917098012027, 52.13038157616066], [4.773606179730184, 52.130196371493106], [4.773448773141955, 52.13010260912181], [4.77333744784621, 52.13003629546253], [4.773296132576379, 52.13002543836586], [4.773237001495852, 52.13005279612302], [4.773146284837794, 52.130116148826716], [4.773002488164531, 52.130184806654626], [4.772973662679442, 52.130187667548086], [4.772830053905909, 52.13023073319749], [4.772760870231609, 52.13025147157528], [4.772308562834208, 52.13041968256496], [4.77180419903529, 52.130702345312464], [4.771595682007218, 52.130662374037314], [4.770937352198858, 52.13063139552487], [4.77058462111289, 52.13059785922363], [4.770391489991107, 52.13056363781111], [4.769519204543919, 52.130546991686884], [4.7693955721584365, 52.13056831472223], [4.76904105556871, 52.13069474152485], [4.768204904691913, 52.13085214253463], [4.7678459161206685, 52.130801185640316], [4.767503448617523, 52.13070681705504], [4.767510952442842, 52.13069104177934], [4.767333962795617, 52.130660113455164], [4.766833972229151, 52.13052233412096], [4.766815977408632, 52.13051792062576], [4.766858913584726, 52.13044899680839], [4.766526307141892, 52.13043697216775], [4.766508634511851, 52.13045446812449], [4.766500006847783, 52.130455662180836], [4.766482920874204, 52.13046656838774], [4.766457773123506, 52.13048261294375], [4.766429385039582, 52.13051343858431], [4.766380534778462, 52.13056647954667], [4.766380185358843, 52.130566400408654], [4.766377291715726, 52.13057000201977], [4.76622595485049, 52.13073432710541], [4.766189088211547, 52.13077082632175], [4.7660980494231335, 52.13076450271659], [4.765957298871796, 52.13091469986168], [4.765816287427156, 52.130895854665724], [4.765685393776925, 52.13090120489506], [4.765617006321647, 52.1309090146846], [4.76556993962027, 52.13094062968969], [4.765455248866987, 52.13095688146201], [4.765390996618281, 52.13094250761215], [4.765407432714208, 52.130792499672246], [4.76540213472753, 52.130781745234565], [4.765394576768792, 52.13077701264844], [4.765219284563688, 52.130770054398724], [4.7652074054247, 52.13085172131296], [4.765190727316842, 52.13087347462978], [4.765150983985669, 52.130893506374555], [4.76509820831469, 52.13090537099666], [4.765039021157724, 52.13090505872809], [4.764953811184339, 52.130884367717776], [4.764895031972555, 52.130855717779276], [4.764836204661655, 52.13079467413471], [4.764846070308819, 52.130677897760776], [4.764832106123848, 52.13061418590226], [4.764819244554626, 52.13058035659277], [4.764765183682078, 52.13047369066167], [4.764700460588477, 52.130425046484], [4.764658670517472, 52.13042029581608], [4.764632387291144, 52.13042921714404], [4.76462153766668, 52.130456331149425], [4.76460234373335, 52.13051963247719], [4.764528836756301, 52.13053735374071], [4.764544571294447, 52.13034723960336], [4.764548444974251, 52.130266316041116], [4.764554286123255, 52.13014440774479], [4.764554444038488, 52.13014104160373], [4.764554546746558, 52.13013891194566], [4.7645597920068194, 52.13002936644833], [4.7645630314394625, 52.1299616701445], [4.764553633499692, 52.129884638491134], [4.764374750700637, 52.12958028850944], [4.764343330487728, 52.12958163256123], [4.764188498337605, 52.12965374296647], [4.763896916455001, 52.12979092572797], [4.763392278751065, 52.12951956423027], [4.763394465911505, 52.129515529318255], [4.763059772204669, 52.12942317345784], [4.763045397268586, 52.129368582202545], [4.763032759450958, 52.129338511831705], [4.763013637208848, 52.12931774496428], [4.762986525959536, 52.12929219363335], [4.762948536155287, 52.129273619760795], [4.762918569246234, 52.1292755922102], [4.76290068401075, 52.12928356981197], [4.762886200405135, 52.12929059020269], [4.762879203244256, 52.12930230251697], [4.762872534143961, 52.12931447137017], [4.762870508967402, 52.129326768175524], [4.762869660186478, 52.12933817688466], [4.7628659412933745, 52.12934814487036], [4.762858526093949, 52.12935549210271], [4.7628509211784875, 52.12936021647514], [4.762837726099741, 52.129370131587855], [4.762828992487041, 52.12937755542746], [4.762822160371202, 52.12938445813313], [4.762823877826804, 52.129391253310395], [4.762842043131032, 52.129426669485774], [4.762766933011909, 52.129446944593425], [4.762739540138587, 52.129454081760095], [4.762666230236585, 52.12947000077379], [4.7625594310345765, 52.12949318636108], [4.762280313895104, 52.129553791574736], [4.762556452173028, 52.13012150432323], [4.762561436561564, 52.13013175748803], [4.762528972546313, 52.130418477702314], [4.762518887300383, 52.130503634995456], [4.762349800733417, 52.13051536842325], [4.7622959760471195, 52.130590923726174], [4.762256023405221, 52.13061028646692], [4.762158615748619, 52.130641365461926], [4.762021468563643, 52.13065819054664], [4.761895386187731, 52.13064568636757], [4.76183840974567, 52.13060839781901], [4.761721160178651, 52.13056974691709], [4.76165672506841, 52.130526628524535], [4.761477076472633, 52.130538943730954], [4.7614795520786135, 52.13055478776448], [4.7614800392337555, 52.13055879638524], [4.761490820373248, 52.13063159410621], [4.7615068082780905, 52.130842443872325], [4.7615153225339855, 52.13106875050776], [4.761509419826896, 52.13136003444205], [4.761507642314241, 52.13144741715722], [4.761507638789353, 52.13144766880777], [4.761507634534307, 52.131447972585946], [4.761507629335096, 52.131448343770465], [4.761507625810206, 52.13144859542103], [4.761506595384362, 52.131499011886994], [4.761421699418412, 52.1314861747676], [4.761051270811029, 52.131430163307876], [4.76103247572867, 52.13137845333043], [4.760994430585278, 52.13119674922334], [4.760841540385451, 52.13116915779538], [4.760750078496601, 52.131161129046646], [4.760719284182611, 52.131118693995965], [4.7606229766927655, 52.131083469907914], [4.760581530271895, 52.13105306193887], [4.76053799260046, 52.130986413250056], [4.760516471275314, 52.13093940569709], [4.760517156259788, 52.13092899472308], [4.760511692885651, 52.13092896658634], [4.760360306754736, 52.130598293590424], [4.760062101614954, 52.13059519796649], [4.759919853789489, 52.13059454291118], [4.759910020552331, 52.13057018383974], [4.759761951232491, 52.13017201019166], [4.759613924531414, 52.129949071199604], [4.759593957320336, 52.12991317663621], [4.759254428882129, 52.12930277478775], [4.759104406811418, 52.12902779896562], [4.759043582007714, 52.12894575517366], [4.758854440873092, 52.12865879695036], [4.758831212648072, 52.12864903781324], [4.758792451316512, 52.128635744416634], [4.7587873898694735, 52.12863550711589], [4.758711000298044, 52.12851021797748], [4.7583884023755765, 52.127946455317186], [4.75829643487737, 52.127785728636596], [4.758273263476503, 52.127746350889446], [4.758201799708734, 52.12759379321433], [4.7578418673312095, 52.12695650582763], [4.757499124644429, 52.126366478212766], [4.757233853080214, 52.12590934145206], [4.756972266655709, 52.125472413033066], [4.75685202839377, 52.1252780646345], [4.756745913724523, 52.125068827175724], [4.7566958693457595, 52.124960951915845], [4.756681751673691, 52.12493182924623], [4.756670316723377, 52.12490994204283], [4.756680196408279, 52.124877402766444], [4.7566622087775565, 52.12479169215524], [4.756649970521259, 52.124733395742744], [4.756555005184985, 52.12455266717026], [4.756333882066251, 52.12413185015788], [4.755913277206241, 52.12340219241169], [4.755686039988699, 52.12304736146876], [4.755402648897605, 52.12268847206168], [4.755188471993885, 52.12241520254806], [4.754629332370863, 52.12169506524257], [4.754287672193945, 52.121265739732685], [4.753647963840871, 52.120474796256104], [4.753208343219753, 52.119990413081965], [4.752815146994407, 52.11960319791633], [4.7526548057632585, 52.11946670104365], [4.752436186239488, 52.11929759910552], [4.7522397366087805, 52.11916738951787], [4.752150396829279, 52.11916403834119], [4.752135126640298, 52.11915460204657], [4.75203979872591, 52.119095701032414], [4.751970482101219, 52.1190535080787], [4.751876104652965, 52.11898653074881], [4.7516703899617525, 52.11880730517063], [4.751450907120896, 52.11858854042006], [4.750324043320598, 52.11744636447237], [4.74977305022752, 52.11692171831638], [4.749385186231108, 52.1165492913802], [4.749050792999936, 52.116223612706335], [4.749082920209614, 52.116211601295156], [4.748631177180786, 52.115806725447335], [4.748231707381189, 52.11542584929141], [4.7480815630811355, 52.11527961040218], [4.7479010748285955, 52.11509890949453], [4.747727658638865, 52.11493780323905], [4.74671826665364, 52.11396733211454], [4.746399139372465, 52.11362555787043], [4.746055817037008, 52.11329915132158], [4.745501889868838, 52.11279176456014], [4.745327748464898, 52.11261721689591], [4.7450555427466075, 52.11238187140325], [4.744942152660403, 52.112278112810344], [4.744819694189982, 52.112172832412554], [4.744559302805724, 52.11193647692764], [4.743970739530186, 52.11135067651779], [4.743650146896788, 52.11104595131922], [4.743481056295111, 52.11086858093544], [4.743321584108529, 52.11070602870798], [4.743160555627633, 52.110534651196375], [4.742680272298115, 52.110035148375125], [4.7424266108814335, 52.10980056943525], [4.742200019043839, 52.109565852239115], [4.742043757435212, 52.10941048030675], [4.742026209961526, 52.10939454698977], [4.742130982399564, 52.10933950034397], [4.742168876823278, 52.109327008250865], [4.74221953348305, 52.10936786733558], [4.742240425845079, 52.10936769223685], [4.742264006535381, 52.10936432484225], [4.742286659403621, 52.10935666677633], [4.742298728148922, 52.10934874137081], [4.742314672789702, 52.109335346257915], [4.742318475930932, 52.10932460095897], [4.742322765713179, 52.10931260536256], [4.7423230673692345, 52.10929554824336], [4.742321034628943, 52.10927577199489], [4.742317375611441, 52.109263383266466], [4.742302259608256, 52.109234540010256], [4.742281090950717, 52.10921330543143], [4.742330860544058, 52.10907944991132], [4.7423497543908315, 52.10903880961364], [4.742411569021095, 52.108922911934656], [4.742441807054217, 52.10882044069476], [4.74243897586942, 52.10865437655581], [4.7424030222651865, 52.10860889714654], [4.74221998402222, 52.108427510786065], [4.742049979799462, 52.1082484694982], [4.741941986288775, 52.10812108129066], [4.741880022136152, 52.10806639917445], [4.740963333701587, 52.10717305120462], [4.740855302185054, 52.10704868179926], [4.740806139830628, 52.107006203423424], [4.7407735730953595, 52.106936590671715], [4.740800629556912, 52.10685139573344], [4.740823323168254, 52.10677112039326], [4.740825302070752, 52.10677155728831], [4.7410182548470114, 52.106819244486324], [4.741231953979697, 52.10685973943153], [4.741485431285677, 52.10687011481659], [4.741629002681553, 52.10688607163132], [4.741754248259563, 52.10690782420047], [4.74185318418504, 52.10694319717178], [4.742102243774401, 52.10706983146535], [4.742175489773884, 52.10709129896628], [4.742278753867991, 52.107111244483], [4.74234501395103, 52.10716637954251], [4.742462073166677, 52.10718640037207], [4.742520942063546, 52.10718503798488], [4.742549271192568, 52.10716581069808], [4.74255644289213, 52.10705602624792], [4.742598961949637, 52.107017776554166], [4.742682800279269, 52.10701654884506], [4.743252769051351, 52.10706488765007], [4.743302469392804, 52.10707414741289], [4.744407229304521, 52.107253763799825], [4.745084516407448, 52.1073495849613], [4.747023343674244, 52.107628655050064], [4.748032013256703, 52.10776670569209], [4.750153922339563, 52.10804503063291], [4.7506815921197045, 52.10812593791319], [4.750705517463164, 52.10813117872275], [4.750813084064629, 52.10814977106463], [4.750895421451288, 52.108163761757005], [4.750980975910661, 52.10817510834202], [4.751066550030732, 52.1081893833361], [4.751153830468909, 52.108201621754674], [4.751236630141565, 52.10821165898271], [4.751255890701749, 52.108213991086416], [4.752113493763821, 52.10834547591152], [4.752746396485426, 52.108460956838236], [4.753288870378101, 52.10857243724122], [4.753227202693608, 52.1086887457936], [4.753211168551922, 52.10871281091673], [4.753110759037913, 52.108786234910085], [4.753060994753525, 52.10886143234037], [4.7530187040941465, 52.108895412199956], [4.752981756244182, 52.10888300828312], [4.752978606478743, 52.10888575251836], [4.7529649446686415, 52.10889282284902], [4.752955416937349, 52.10889999901424], [4.75295044424823, 52.10891073925367], [4.752951437623699, 52.10891799000919], [4.752953574125158, 52.10892883231984], [4.752948350471097, 52.10893884406106], [4.752938886218477, 52.10894843750089], [4.752922919299111, 52.10895767237121], [4.752912180752449, 52.10896047104224], [4.752846711665543, 52.10898465657119], [4.752841057896354, 52.10899144191574], [4.752817468928024, 52.10902713034768], [4.752785711967618, 52.10906253842109], [4.752710884018776, 52.10913965640449], [4.752707220665544, 52.109157799195124], [4.752684109228786, 52.10917732304648], [4.752680488720631, 52.1091779543038], [4.7526443067377615, 52.10917225872389], [4.752710137377427, 52.10922183893709], [4.752686141263635, 52.109243419026924], [4.752465526804606, 52.1094035500964], [4.752393779273334, 52.10944738668073], [4.752321753687415, 52.10950790477198], [4.7522621612313545, 52.10955115779719], [4.7522671145607704, 52.10955381533393], [4.75226554993803, 52.109555129972605], [4.752280392501615, 52.109560939021684], [4.7523751071571665, 52.109611753591054], [4.752389870166237, 52.10961967083564], [4.752851848583748, 52.109786858292075], [4.753636332838601, 52.109306657194985], [4.75398542181681, 52.109105363235464], [4.75394987949711, 52.10908357357939], [4.7539512003832805, 52.10908235378305], [4.753973611270881, 52.10906432156228], [4.754115766512187, 52.10894993881392], [4.754120871699619, 52.10894507574052], [4.754124063464772, 52.10894039294019], [4.754125492370159, 52.10893618513667], [4.754125435034236, 52.108933225904536], [4.754125207618701, 52.10893289481515], [4.754126185298844, 52.10893209741771], [4.754231420097603, 52.10900279053544], [4.754307408891129, 52.109021084255915], [4.754347686452329, 52.10903208459459], [4.754822313685461, 52.109179371201186], [4.754835351660443, 52.10919057756288], [4.7548481851477895, 52.10920674342778], [4.754856667718232, 52.10922533254427], [4.754858572777849, 52.10924771355941], [4.754880072023221, 52.109233322800144], [4.754904295496097, 52.109220564531526], [4.754932544592917, 52.10920897564879], [4.754970994262395, 52.109201032270605], [4.754992785775232, 52.109202296952226], [4.755644293246746, 52.109332398681474], [4.755992930084556, 52.109422044323196], [4.756049089027762, 52.10945303354728], [4.756058608362058, 52.10947980381525], [4.756292784789138, 52.10952530743995], [4.7562223802035755, 52.10963390379831], [4.756182477281647, 52.10968199289818], [4.756008278148863, 52.10994740822407], [4.755980899252246, 52.1100348158939], [4.756005975122101, 52.1101104242929], [4.7559251412920265, 52.11027905089319], [4.756254640669519, 52.11039688904896], [4.756853254978559, 52.11059708672657], [4.757184535292735, 52.11062841116013], [4.757205672030628, 52.11060058873996], [4.757396738857647, 52.110385955390846], [4.7577737280034755, 52.10996252060873], [4.757775439608144, 52.10996309331035], [4.75778051947285, 52.10997130241593], [4.7577833230074456, 52.10998161699101], [4.757781282971139, 52.10999492754191], [4.757798967454053, 52.10999014946004], [4.7578152329675385, 52.10998796319258], [4.757833197369816, 52.109986423259194], [4.7578456837647085, 52.10998659419357], [4.757936445528377, 52.11001695832338], [4.758003680692149, 52.11004297952404], [4.758451190217634, 52.11018408185278], [4.758951432207151, 52.11036034953047], [4.758992329593089, 52.11038090245926], [4.759158215546155, 52.11050716675132], [4.759335135345041, 52.1106570539971], [4.759336963905093, 52.11065876071342], [4.759359587018527, 52.11068183174084], [4.759518220586929, 52.11087245208695], [4.759586407304731, 52.11099446174288], [4.759603241514389, 52.111058747040616], [4.759586845029147, 52.11110556745846], [4.7595523500570565, 52.11114161889104], [4.759646229363843, 52.11115700503829], [4.7597194372032, 52.1112726893271], [4.7597950162127844, 52.1114142614658], [4.759983307348897, 52.11169228032338], [4.760094033849441, 52.111880967628075], [4.76016182347882, 52.11200011290925], [4.7601990071591995, 52.112110489150595], [4.760212972751356, 52.11211702775411], [4.7602238216967105, 52.112124174461336], [4.760235502903842, 52.11213651539045], [4.760239377463476, 52.11214650482842], [4.760239992902987, 52.11215581090629], [4.760238222586182, 52.11216409671672], [4.7602313637862155, 52.11217451623212], [4.760249379882169, 52.11217642497102], [4.760265382085241, 52.11218067251696], [4.760284107374848, 52.11219144920174], [4.760300787495228, 52.11221480749979], [4.760543374473477, 52.11243155382469], [4.760826008277651, 52.112715647206386], [4.7609790883478755, 52.11289488554028], [4.7611145676248645, 52.11302096017406], [4.761148283534685, 52.11305698602937], [4.761466267167429, 52.11335745151934], [4.761660780164902, 52.11353965204782], [4.76170231828046, 52.113571786002105], [4.76178154631573, 52.11364773340862], [4.76178891136478, 52.11365912998815], [4.761790304093262, 52.11367436341107], [4.7618006434860005, 52.11366872692472], [4.761828864405891, 52.113668924270215], [4.761859309807256, 52.11367113778037], [4.761863445609492, 52.11367188416866], [4.7619049434525405, 52.11368323259189], [4.761945341353873, 52.11369462550061], [4.762035418428308, 52.11371989270567], [4.76235270798176, 52.1138440940948], [4.762714893150131, 52.113921271528824], [4.762960233712494, 52.11391973241454], [4.7630142625344485, 52.11391688969445], [4.763037196572011, 52.11391378165539], [4.763023485687036, 52.11401425300733], [4.763023935268014, 52.114051152899066], [4.763025550523274, 52.11407745197279], [4.7630287252285965, 52.114086595412374], [4.763003817444837, 52.11413776375743], [4.762986467698505, 52.114181208098316], [4.762916146278134, 52.11426423915405], [4.762869511703885, 52.11430637341147], [4.762960214111826, 52.1143454221425], [4.7629675283642126, 52.11434857079328], [4.763510169009342, 52.114476937151785], [4.763600290075397, 52.114543268723025], [4.76366249784761, 52.114513158286826], [4.763983590442323, 52.11458952840738], [4.764473239124472, 52.11470567201944], [4.764490011932937, 52.114685413104844], [4.764499554124498, 52.114687420240585], [4.764741351482487, 52.11440047221552], [4.764951658639308, 52.11412779075294], [4.764989900268879, 52.11408159634694], [4.764993880921262, 52.11407304619814], [4.765045850549057, 52.11400566351261], [4.76520724999436, 52.113960477557235], [4.765539856935001, 52.11388188632186], [4.76552549725381, 52.11385446846062], [4.765560226567059, 52.11384596988265], [4.765460924221761, 52.113320147261994], [4.76588389236808, 52.1132694114821], [4.76607507108071, 52.1132600267386], [4.766320844395482, 52.11326132139937], [4.767066935772922, 52.11330738158574], [4.767244654106685, 52.11331449480449], [4.767307467145102, 52.113308646614065], [4.767742858798913, 52.11332455146412], [4.7676803543073065, 52.11346978348473], [4.76764222482096, 52.11353708456323], [4.767618471865682, 52.11370752719515], [4.767879194390846, 52.113728638869055], [4.767880760377481, 52.11373531365105], [4.767925788227841, 52.11379576939894], [4.768072540428338, 52.11407249620237], [4.7682937425312, 52.11415222632187], [4.768494528762528, 52.11419677778738], [4.768509363683361, 52.11420182162769], [4.768592607817078, 52.1142253401853], [4.768800964639355, 52.114331388624926], [4.768837778154964, 52.11436785813461], [4.768904077786941, 52.11436018839079], [4.76901833238705, 52.114393082194205], [4.76913286284452, 52.11440498986672], [4.769141513576934, 52.114404643333906], [4.769168546903475, 52.11441347126117], [4.769227242252169, 52.11440121253853], [4.769275624680586, 52.11439927571911], [4.769407369358117, 52.11438058761032], [4.769508078410493, 52.11435721747541], [4.769522736964997, 52.11443565347387], [4.769560056650814, 52.114582470035984], [4.769620398553749, 52.11474738180421], [4.769763241855372, 52.11491778241716], [4.769923622639065, 52.11504080615935], [4.770149918022245, 52.11514030022243], [4.770629288117675, 52.11526639611937], [4.771006440268726, 52.11531976795917], [4.7713301978644775, 52.11535769656545], [4.77144270057801, 52.1153551922844], [4.771735227307831, 52.11529183575067], [4.771782308995842, 52.11529376772214], [4.771800371979594, 52.11530734432018], [4.771796466944785, 52.11532586120958], [4.771789136043657, 52.1153614953292], [4.771812627220443, 52.11536161795354], [4.771936876953421, 52.11527631585372], [4.77207370184564, 52.11521355154746], [4.772244368602264, 52.11516163621063], [4.772818234524082, 52.11507727368992], [4.773144337893572, 52.11504414340383], [4.773430030445929, 52.1150049037766], [4.77387051602432, 52.11493163957778], [4.774127582379951, 52.114933817978475], [4.774242990543492, 52.11493526117365], [4.7744890995844935, 52.114921373823805], [4.774564828024726, 52.11492176737861], [4.774643269534129, 52.11493256714277], [4.774845185348465, 52.11498052374744], [4.77493885429457, 52.11502033363685], [4.775048017633521, 52.1150782003129], [4.775138361134809, 52.115152539831605], [4.775192257555553, 52.11523146640976], [4.775227620032751, 52.115314510423794], [4.775232832077247, 52.115316653302045], [4.775234458108791, 52.115324784381386], [4.775250804235081, 52.115324039620106], [4.775261534692769, 52.11532844920414], [4.775326642198696, 52.11534676354233], [4.775368241123763, 52.11537422627506], [4.775499180460077, 52.11552134513273], [4.775519271517222, 52.115549825130394], [4.775641078402821, 52.1157119570704], [4.775644836507151, 52.115714407873824], [4.775657524641551, 52.11573132207562], [4.775771335002514, 52.11581617677673], [4.776054346316332, 52.11597325335278], [4.776233608006398, 52.11606013126244], [4.776429092485157, 52.11610355769344], [4.776609256875771, 52.11612415172339], [4.776768907769966, 52.116118799985344], [4.777143558351255, 52.11607242588726], [4.7774225149708665, 52.11604213172263], [4.777584741532634, 52.11604016098026], [4.777873896762755, 52.11602339898684], [4.778193413743907, 52.11599639917534], [4.778279675786246, 52.116002744605424], [4.778344823800856, 52.11601824776554], [4.778500684541002, 52.11609011510109], [4.778656187665821, 52.11619652922234], [4.77867663287234, 52.11620989594373], [4.778802541766375, 52.116323404294135], [4.7788060548471805, 52.11631834678759], [4.7788103073040755, 52.11631485344776], [4.778817193997283, 52.11631208556703], [4.7788251374262165, 52.11630987771089], [4.778828979623784, 52.11630949306896], [4.778840239879595, 52.116316854985484], [4.778926531684899, 52.116413080283216], [4.779008991882299, 52.11651462294101], [4.779049459829319, 52.11660836468972], [4.77905520624983, 52.1167480457657], [4.778899578061183, 52.11675752357552], [4.7788962509047375, 52.116836107302454], [4.778876043754689, 52.11695986130515], [4.778876406338089, 52.11709751293174], [4.77846991947816, 52.11732908278934], [4.778429235985345, 52.117339389811406], [4.778409720246713, 52.117312426011], [4.778252930417969, 52.11738405305846], [4.778250332740975, 52.11738471195825], [4.778194077391874, 52.11740702669441], [4.778171866475731, 52.11742108634666], [4.777938663099356, 52.11752762205734], [4.777963079983609, 52.11754196037431], [4.77776692039906, 52.11760921909271], [4.777621561056069, 52.1176592167677], [4.777464705563504, 52.11771054528301], [4.777419088389849, 52.11774328075718], [4.777315754538913, 52.11780423181466], [4.777220431778005, 52.11786871884163], [4.776980169675873, 52.11774972742562], [4.776931592932005, 52.1177869226175], [4.776921474218183, 52.1177871632547], [4.776316519753807, 52.11824099020374], [4.776221116810366, 52.11831255421585], [4.776235768842853, 52.1183197101495], [4.776215301510533, 52.118335382863286], [4.776478832314927, 52.118463923181004], [4.776464729826, 52.11847423778736], [4.776558999517685, 52.11851431909637], [4.776739198340234, 52.11859091762295], [4.776932787325962, 52.11868534046628], [4.777132773608358, 52.118782883536305], [4.777482515340529, 52.11851510979571], [4.77752291734194, 52.1185173932071], [4.777592019184004, 52.11854770818813], [4.777614256454355, 52.118547823167376], [4.7782311058807405, 52.118052974992956], [4.778390212078093, 52.11792532841642], [4.77896969073527, 52.11825355725976], [4.779085855171646, 52.11829865705157], [4.779191142047349, 52.11832659609515], [4.779302317906864, 52.118330584903006], [4.779385960172508, 52.11831390262213], [4.779453160702909, 52.118280013015394], [4.779520641924919, 52.11822558679022], [4.779599885352192, 52.118123287097504], [4.779724347401691, 52.117935073848486], [4.779935637391434, 52.11798503644773], [4.780109311172005, 52.11800559156195], [4.780258194630836, 52.118012257886654], [4.780564409148416, 52.1180169238727], [4.780778953926549, 52.11800145505712], [4.781152516679351, 52.117934840745924], [4.781339291092012, 52.11788075150585], [4.781339248433146, 52.11788088251431], [4.781313098407422, 52.1179487078861], [4.78129881448188, 52.11798573775511], [4.781228244830349, 52.1180321946063], [4.780950822370847, 52.11820371937552], [4.781403773164137, 52.11850622613261], [4.781962371284101, 52.118339739202085], [4.782040733403437, 52.11842294065353], [4.782488881084922, 52.1182859857727], [4.78233118422324, 52.11803616797988], [4.782297007806384, 52.117982045510345], [4.782293119764537, 52.117975886626986], [4.782347832470936, 52.117918373214465], [4.782277388798415, 52.117854357438766], [4.78221006186864, 52.11782328136866], [4.782138991080604, 52.117678164505044], [4.782168182991952, 52.11767434421636], [4.782780430444173, 52.11757018679871], [4.783170789919052, 52.11751797759269], [4.783368341179552, 52.11751898944979], [4.783561521398829, 52.117539639374364], [4.783871529681452, 52.11763476080214], [4.784035429700195, 52.11769514612924], [4.784084589181435, 52.11773752885272], [4.784081021381617, 52.118001819217056], [4.7840534348633605, 52.118110379517276], [4.7839682426104, 52.11822763330418], [4.783260364370225, 52.11892508870269], [4.783226658259431, 52.11898908635622], [4.783160702446576, 52.11901463448871], [4.783015300115016, 52.1190709447763], [4.7828219163665215, 52.1191795997692], [4.782288197300001, 52.11948779232306], [4.781600507025497, 52.11988487595095], [4.78081299848953, 52.12033959409313], [4.778824643217484, 52.121487615733095], [4.778769469988153, 52.121459925132754], [4.778733597350022, 52.12148232643413], [4.77875396801009, 52.12148526373956], [4.778780737748355, 52.12149159654555], [4.778835796743593, 52.12150794974531], [4.778862546850947, 52.121516798226054], [4.77889639603499, 52.12153468589999], [4.778953370953994, 52.12157023242559], [4.779043078985537, 52.12161567299189], [4.7791100856839295, 52.12164585939557], [4.7792162916694645, 52.121692677418224], [4.779332693016888, 52.121757633046705], [4.779777452470401, 52.122090935039324], [4.781731286872372, 52.120943575400034], [4.782032684490976, 52.12076658032577], [4.782689740234792, 52.12038070631692], [4.782736509223176, 52.120352866972006], [4.782689832447061, 52.120396228495935], [4.782684421552313, 52.12040827908612], [4.782692244810073, 52.120411970196876], [4.782786888237079, 52.120380998498256], [4.782823708913724, 52.12036601516602], [4.782891488533042, 52.120381534622474], [4.782953473793656, 52.120437464012845], [4.78301782929047, 52.12051194635328], [4.783037675954775, 52.12058816722896], [4.783115897547133, 52.12065822646366], [4.783259980829956, 52.12066626833028], [4.783270882011052, 52.12066997516687], [4.78333845058368, 52.120692511261296], [4.783450427096152, 52.120738306041815], [4.783556779948773, 52.12079474629943], [4.783645025928659, 52.12081991285196], [4.783639660396952, 52.12082321730962], [4.783663708082717, 52.120830997437], [4.783692941145574, 52.1208405945466], [4.783727743117496, 52.120847830190534], [4.783762286557733, 52.120853451121114], [4.78379417211979, 52.12085477466936], [4.783818092585928, 52.1208557608407], [4.783845792807788, 52.120855713830814], [4.783873084102615, 52.120852428974], [4.783896757063945, 52.12084795533571], [4.783919058742284, 52.12084316997717], [4.7839401001254815, 52.120838720616696], [4.783955979717114, 52.12083384307304], [4.78397397456888, 52.12082727488432], [4.783977705052085, 52.12082448336193], [4.784030972426052, 52.12083031594722], [4.784139886762001, 52.1208545685909], [4.784145643720739, 52.12085633814745], [4.78424890443844, 52.12086857692418], [4.7843241919576585, 52.12087382718688], [4.784417102524817, 52.12087517224249], [4.7845304281079715, 52.12087400960171], [4.784590149293298, 52.12087607651109], [4.784607657927151, 52.12087826922505], [4.784616846743815, 52.12088217301518], [4.784621573973912, 52.12089121951666], [4.784620100157563, 52.12089861735361], [4.784608208024896, 52.1209110978001], [4.7845869747736005, 52.12092966494584], [4.784855491744333, 52.12087628087666], [4.78504696021309, 52.12085172246101], [4.785168072549535, 52.12083497929802], [4.785232483140876, 52.120868195022034], [4.785257555358256, 52.12086671592806], [4.785258693049899, 52.12086670016418], [4.785414516888308, 52.120873247966664], [4.785489295427168, 52.120871957778064], [4.785536211702733, 52.12086431453877], [4.7855580113822915, 52.120858951964046], [4.785764609655721, 52.120808153065084], [4.7860036871437135, 52.12072657307614], [4.786154724794737, 52.120650916495386], [4.786225522424649, 52.120579623516214], [4.786251994521777, 52.120535177020656], [4.786260133030738, 52.12050655516599], [4.786263331800149, 52.120454594573005], [4.7862680690047075, 52.12045206607016], [4.786268373519473, 52.12045157237289], [4.786340803561432, 52.120430618801315], [4.786414153968573, 52.12040745428634], [4.7864230805361, 52.12040730202789], [4.786598198088325, 52.12035298778006], [4.786840734569708, 52.120293938230546], [4.786915332849181, 52.12027577808968], [4.787120726849911, 52.1202333315037], [4.787141349903292, 52.1202296515296], [4.7872346574438955, 52.120220043382794], [4.787256680871588, 52.12023266520006], [4.787328276719858, 52.12021712036475], [4.787339689533814, 52.120208730427684], [4.78735748683854, 52.12020659638988], [4.787533304471907, 52.12016198706732], [4.787802953810875, 52.120146787478596], [4.78790039989829, 52.120139623957556], [4.787827097546603, 52.12020174174846], [4.787926435882191, 52.1202482580906], [4.7880657828047255, 52.12031350050025], [4.788320760336379, 52.12011058417808], [4.788322918068599, 52.12010886940511], [4.7883500952422935, 52.12010968154775], [4.78856140542339, 52.12011591736], [4.788572854489503, 52.12012136570165], [4.788590094391128, 52.12013151010747], [4.788597677548849, 52.120136806694155], [4.788623032617765, 52.120165723674965], [4.788472671965877, 52.12028587028218], [4.788480568193472, 52.12028970698668], [4.788430857739151, 52.12033138086425], [4.788868594565064, 52.12053778753085], [4.7890194280704685, 52.120608912332926], [4.789325623080314, 52.12073643110169], [4.7893635696954915, 52.12070645465388], [4.789366858948024, 52.12070387464367], [4.789600168869096, 52.120521327099894], [4.789743080011738, 52.12040951022057], [4.790076734768812, 52.12055096573468], [4.790085122994914, 52.120588796343924], [4.790366378195736, 52.12081828649812], [4.790368696540777, 52.12081547594238], [4.7903904042404255, 52.12078416311909], [4.790551563740281, 52.12064466593289], [4.790599957129477, 52.120658083878965], [4.7907832324485495, 52.12051641527276], [4.790837010434534, 52.12047484726911], [4.790857860500463, 52.12047055390063], [4.790901879571966, 52.120481860746246], [4.790938536373123, 52.12047895597789], [4.7910955032291165, 52.12051437030742], [4.791095934620581, 52.12051475987912], [4.791100411631309, 52.12051956422674], [4.791095681344459, 52.12052947315697], [4.791106050777405, 52.12052033156343], [4.791113629194316, 52.12051845988513], [4.791267109725273, 52.12055308697221], [4.7913879805535675, 52.12060818596158], [4.791487528828442, 52.120602510451164], [4.7915319699421595, 52.12060945452995], [4.791536267994821, 52.120610929631894], [4.791597503584957, 52.120631704156025], [4.791630785063424, 52.12064705150763], [4.791687247260084, 52.12070015304838], [4.7916872541650966, 52.12070018274428], [4.7916872291523935, 52.12072725233391], [4.791699652489313, 52.12073063441245], [4.791709765249985, 52.12073548427599], [4.791722549526535, 52.12074596614434], [4.7917393975166, 52.12077484847157], [4.791780614290109, 52.120909567483665], [4.791781982421331, 52.120923046781726], [4.791776235325578, 52.12093245535486], [4.791766298396905, 52.12094409790588], [4.791781631436124, 52.12094532671842], [4.79179088647665, 52.12094847257793], [4.791793459687093, 52.12095282686432], [4.7918179375635, 52.121087082033696], [4.791820051048257, 52.121098650611124], [4.791821551894185, 52.12110622713901], [4.791845227018562, 52.121225348435665], [4.79184728751196, 52.12123355336632], [4.791856516093858, 52.12136808745826], [4.791851575573044, 52.12141700497149], [4.791848337686964, 52.12141913410298], [4.791851319812648, 52.12141954194322], [4.791847444000854, 52.121457923489906], [4.791860260988134, 52.12167655655339], [4.79184864246474, 52.121683325316674], [4.7918616201910655, 52.1216832587135], [4.791884610348159, 52.1217937640544], [4.7918779863776155, 52.12186282816773], [4.79184913843021, 52.12192166657143], [4.7918092800668814, 52.12195938466858], [4.791707124354487, 52.12203161736761], [4.7917634341348325, 52.12203527229403], [4.791802397798599, 52.12205625331392], [4.791818815512519, 52.122091165418745], [4.791823805917137, 52.122136131529004], [4.791814222914312, 52.12218748296342], [4.791831549385374, 52.122505248760085], [4.791875169406465, 52.12259619210402], [4.791880556116869, 52.12260266382596], [4.791875636459955, 52.12260968572297], [4.791885271652994, 52.12260832861572], [4.791929404531292, 52.1226613497928], [4.791980476793717, 52.122828106477414], [4.791986418019202, 52.12285970565668], [4.791988832710675, 52.122927363796876], [4.791987773143167, 52.12297674580806], [4.791985314798227, 52.122980308897574], [4.791956269356193, 52.123005488279446], [4.7919509776252855, 52.123010075200355], [4.791844855579872, 52.123102106929885], [4.791803328408727, 52.123104558657154], [4.79172022806185, 52.12316790119157], [4.791390589048112, 52.12344937276641], [4.791271855874852, 52.12356534049924], [4.791098341678222, 52.12373874430497], [4.791110620502018, 52.12374360426669], [4.791071891018753, 52.123777973427394], [4.791441077292834, 52.12392753300977], [4.791384545599723, 52.12399255909567], [4.7918431857569255, 52.124167255374104], [4.79201230629134, 52.124007507440055], [4.791960784348707, 52.1239848479341], [4.792397530343687, 52.12358284341856], [4.792414003230619, 52.12360502484884], [4.792450796542604, 52.12360071633943], [4.79249497061046, 52.12361610758494], [4.792728380608492, 52.123802031159585], [4.792727003541302, 52.12380751959032], [4.7927345794678065, 52.12380696905722], [4.7927692829962965, 52.12383461277815], [4.792963366034501, 52.12399569023638], [4.7929937801029245, 52.12400792361196], [4.792997224118744, 52.124009299979214], [4.792995916526163, 52.12401351963201], [4.793005387484299, 52.12401256337676], [4.793093412607657, 52.12404774890538], [4.793325401089875, 52.12411239559486], [4.793413823927326, 52.12416339938086], [4.793426173222688, 52.12420419059268], [4.793465162359497, 52.12421477904279], [4.793509374972115, 52.124201519381806], [4.7935478653848325, 52.12418963664774], [4.793733699218857, 52.12419057205691], [4.793866654804421, 52.12422129398881], [4.793903608821164, 52.12422371438391], [4.793636335170893, 52.12448522497915], [4.793950850185943, 52.124613064618536], [4.7941788271976, 52.1243866936184], [4.7942542911583645, 52.124290162580614], [4.794253514581046, 52.12424920764305], [4.7942567548937545, 52.12424987288286], [4.794290625901367, 52.12426013511827], [4.794302129314423, 52.124268444103926], [4.7943049960364945, 52.1242744832926], [4.794301201348606, 52.12428654252511], [4.794300820330764, 52.12428774412626], [4.79432380377035, 52.12428796844109], [4.794355177645142, 52.124286571223195], [4.794415839569048, 52.1242894297272], [4.794499246255985, 52.12430500125121], [4.7945633130833, 52.124320119588525], [4.794611854376344, 52.1243356605124], [4.7946386814597375, 52.124353161380235], [4.794655632772461, 52.12437186107466], [4.794651783460731, 52.12439244982299], [4.794648215540461, 52.12441472347058], [4.79464481575916, 52.124432467023134], [4.79467455528607, 52.12441303931485], [4.794713576512171, 52.124394154382394], [4.794772750511002, 52.124375101040236], [4.7948236501428605, 52.12436675416357], [4.794860496183854, 52.12436213147959], [4.794891741445905, 52.124362397184235], [4.79496441357848, 52.124374131334996], [4.794984053926116, 52.124376268492256], [4.794999636838219, 52.12437074981389], [4.795004320243815, 52.12436863774338], [4.795104592542903, 52.12438043670934], [4.79510666523734, 52.124384803685636], [4.795115259250624, 52.12439217220062], [4.795130825439503, 52.124397391595046], [4.795159111400633, 52.12440179311007], [4.795163189688181, 52.1244258407782], [4.795205949009043, 52.124434402769154], [4.795292700336409, 52.124441154245005], [4.795294269131284, 52.124474519937145], [4.795319117718826, 52.1244847563608], [4.795346233702765, 52.124496129479084], [4.7955138387238625, 52.12449528260554], [4.795743530968317, 52.12452676999458], [4.795752495919894, 52.12452929299991], [4.795755913156516, 52.124532591722414], [4.7957592247301015, 52.124531186402585], [4.796015864020208, 52.124603411595366], [4.796273668171229, 52.12468335212012], [4.796333820727013, 52.12468955158252], [4.796471804211831, 52.12474613676036], [4.796542405325536, 52.124782162685584], [4.796546361091574, 52.124784166189855], [4.796548779512538, 52.124791003024555], [4.7965450815872614, 52.12480252352075], [4.796568316276442, 52.12480331491069], [4.796600394288349, 52.12481152987899], [4.796669045229223, 52.12484629570501], [4.796684906993003, 52.12485746205057], [4.796714278639884, 52.12487366830317], [4.79672991814771, 52.124877123473524], [4.796778239104073, 52.124901593945694], [4.796836606379919, 52.12492898821369], [4.796832484880738, 52.12493731489721], [4.796827092586715, 52.12494632910538], [4.796844790304945, 52.12493979252437], [4.796856338395471, 52.124938248644966], [4.797011132469096, 52.12501090011322], [4.797068987844107, 52.125051200518385], [4.7970689947547545, 52.12505443629563], [4.797066551827089, 52.12506702638892], [4.797064152441274, 52.125072782092566], [4.797057217605408, 52.12508481760599], [4.79708454782655, 52.1250811371005], [4.797112844858417, 52.125074796433104], [4.797117669097959, 52.12507396040561], [4.797242169751999, 52.12512283725493], [4.797242203610984, 52.12512303786059], [4.79724246466944, 52.125122952880176], [4.797380290560246, 52.12517706175079], [4.797401794379419, 52.12517568625788], [4.7974012872043446, 52.125179812888135], [4.797411028472005, 52.12517509518135], [4.797448547978517, 52.12517269513522], [4.7974672571712595, 52.125178146552756], [4.797579904459019, 52.1252144558205], [4.797726459921943, 52.12525922607662], [4.797810609358674, 52.12529100283845], [4.797846714889564, 52.12532151658029], [4.797943454899994, 52.125322000030536], [4.798081643668426, 52.12536376103767], [4.798076729040246, 52.1253725583767], [4.798101735061944, 52.125369833151325], [4.798211857490481, 52.12540311276699], [4.798224624528879, 52.125421435108464], [4.7982166705770934, 52.12545341484805], [4.798322280156212, 52.1254907380683], [4.798340463052969, 52.12547032504887], [4.798380061294534, 52.12545226420722], [4.798442810498472, 52.12544358934317], [4.798605031907625, 52.12544439916479], [4.7988464234850206, 52.12538521586121], [4.798944339356503, 52.12537027076561], [4.798950933273155, 52.125374776173906], [4.798958440695495, 52.12537944253296], [4.798963205201112, 52.12539123990718], [4.798979316453837, 52.12537974350859], [4.799014330898823, 52.125364528614256], [4.79908480519747, 52.12536393455772], [4.799204142106801, 52.12531439454254], [4.799214951119338, 52.1253188553401], [4.799228186306711, 52.12532649027289], [4.799228005029082, 52.12531463217205], [4.7992392961284125, 52.125305430652645], [4.79926617287589, 52.12529070810737], [4.799302731642542, 52.1252844117014], [4.799376476677916, 52.12527007378398], [4.799486712436108, 52.12525182897357], [4.799571498852424, 52.12525147942799], [4.799588899594322, 52.12525562070262], [4.7995913253299065, 52.12525760839047], [4.799596441909645, 52.12525741547386], [4.799618374447853, 52.125262635436194], [4.799571103803473, 52.12533813961823], [4.79938764417313, 52.1255056815814], [4.799267969862293, 52.12565452232176], [4.799291571457963, 52.12565532309212], [4.799249994992329, 52.125711974978216], [4.799144254293361, 52.12585604043704], [4.799186895620472, 52.12586962297774], [4.799143481299679, 52.12591920545213], [4.798986378963123, 52.12609657645848], [4.7989823501019755, 52.12610532072791], [4.798985006857115, 52.12611105944529], [4.798989795447041, 52.126116708128926], [4.799390074832323, 52.126241186780014], [4.799405519296671, 52.12624042696597], [4.799412781793135, 52.1262399706142], [4.79942693058419, 52.12623679461049], [4.79944109202569, 52.12622288858963], [4.799509875165732, 52.126137585817226], [4.799533579310724, 52.12614482078218], [4.800036891093673, 52.126291300286], [4.800333167982624, 52.125927738426576], [4.80051608311009, 52.12599390263419], [4.80076092581357, 52.12565335419212], [4.8006376917298, 52.12561082948785], [4.800688209961975, 52.125534888011764], [4.800276927812726, 52.12539823682228], [4.800309613453863, 52.1253651693168], [4.800347784003832, 52.125319762270664], [4.800374202403201, 52.12528075923012], [4.800401011340067, 52.12523325441743], [4.8004255746121895, 52.12518872429576], [4.800450449086767, 52.125151517482074], [4.8004731366297735, 52.12512293382068], [4.800481886938842, 52.12511503091133], [4.800497134026756, 52.12511292263935], [4.800507303289103, 52.12511339567412], [4.8005204945977225, 52.125115375778414], [4.800514578122232, 52.12510219844756], [4.800518997150136, 52.12508495235514], [4.800525891088036, 52.12507151158293], [4.800532986916465, 52.12506727300631], [4.8009718542804505, 52.12499108301767], [4.8009976175201015, 52.1250678460313], [4.801027671036634, 52.125075950844185], [4.800991756528827, 52.125119545623804], [4.801071041139683, 52.12513147691514], [4.801089570866879, 52.125092643932355], [4.801239918755268, 52.12513318977261], [4.801273640125231, 52.12511505739882], [4.801476852134339, 52.12517795939387], [4.8015066936936, 52.12513551894888], [4.801530255825626, 52.12513886541414], [4.8016349952699215, 52.12499470562071], [4.801675082510477, 52.12500493815338], [4.8017125759300345, 52.124955689356426], [4.801738816942788, 52.12494683145839], [4.801880063440909, 52.124955114997235], [4.801931994956832, 52.124979529340955], [4.801930986863226, 52.12505648465563], [4.802037765501143, 52.12509156325497], [4.802256789695399, 52.12514573574981], [4.802429538160975, 52.12523786193285], [4.802287648653336, 52.1254099055332], [4.801847239556116, 52.12595383624928], [4.801566303908997, 52.12628700546764], [4.8020888790950735, 52.12645285141], [4.8021099454553005, 52.126457816726884], [4.802307054760368, 52.12622443602958], [4.80237956792633, 52.12620049342314], [4.802633205988784, 52.12589869680337], [4.802631647385981, 52.12589147427403], [4.802632172227113, 52.125890871971755], [4.802631468384773, 52.12589064557639], [4.802622821641085, 52.12585058378993], [4.8026299119020495, 52.125842188930655], [4.8027793982152, 52.125687888372525], [4.8029504484555074, 52.126017656152726], [4.802967104472502, 52.126104812453235], [4.802972444606399, 52.12613264650493], [4.8029786777892545, 52.1261361881618], [4.802969402001125, 52.12614710597962], [4.802988237706098, 52.1261493294838], [4.803000438870502, 52.12614855132804], [4.803041517071338, 52.126171889454156], [4.803048886920825, 52.126192927714136], [4.8030606175807335, 52.126229475985625], [4.80308016703167, 52.126268924814696], [4.803109562566414, 52.1263122567578], [4.803143442866753, 52.126360395305625], [4.803184119882377, 52.12641600790665], [4.803228344295106, 52.12646479896106], [4.8032598325014915, 52.12650133808213], [4.803266291254051, 52.12650930301902], [4.803082430259642, 52.12671226664539], [4.803067864237202, 52.126731725790016], [4.8030409467435975, 52.12676768894759], [4.802752216784456, 52.127104851724475], [4.8030615838366995, 52.127212058318044], [4.803240710319507, 52.12728499454718], [4.803296240943251, 52.127223134294184], [4.803626699358687, 52.126854987749994], [4.803669950948388, 52.12680569853001], [4.8036824370569935, 52.126813082070505], [4.803817299092629, 52.12683032164424], [4.804003696239025, 52.12686747663564], [4.804070753327999, 52.12688718850361], [4.804123461654943, 52.12692228005269], [4.804244047584793, 52.126914448866216], [4.804335259665894, 52.12692753885364], [4.804402487294844, 52.12694303951986], [4.804445509654279, 52.12696825000391], [4.80452257944077, 52.12697284445609], [4.804599427323146, 52.12699400834595], [4.804637712838261, 52.12701526393507], [4.8049220855467905, 52.127011050693646], [4.8053531291163285, 52.12711597932935], [4.805482445423683, 52.127182063684415], [4.805607761862541, 52.1272750908706], [4.805709016186658, 52.1272798038068], [4.805840611713031, 52.127337469900475], [4.806003381557097, 52.127428436034954], [4.806189117999495, 52.1275852203722], [4.805822745434256, 52.127952655886254], [4.805819977109847, 52.127977970887585], [4.80602196510112, 52.12810276940618], [4.805977297377036, 52.12814381933703], [4.8061016391233915, 52.12831554512895], [4.806172737453128, 52.12841373877473], [4.8065499177683115, 52.12809834115322], [4.806592215258895, 52.128086911517286], [4.8066977230967876, 52.12822084759623], [4.806806988195978, 52.12834665699244], [4.807074725772584, 52.12850835726044], [4.807124642663796, 52.12854764377114], [4.807124139373021, 52.12858640364748], [4.807124351928329, 52.12858645502669], [4.806905374579602, 52.12876100829146], [4.806859730666237, 52.12879739608256], [4.807269723901277, 52.128999476737135], [4.807573909676808, 52.12875550717636], [4.807574292607052, 52.12875525918748], [4.807639211532544, 52.12872375833033], [4.807791895874849, 52.1288539955985], [4.8078602222788165, 52.12896977161062], [4.807871433965597, 52.12903780055769], [4.80784207597494, 52.12906686787056], [4.80780560904956, 52.129098708154224], [4.807783601292461, 52.12911517240829], [4.807812374563248, 52.12914031523432], [4.807819103240631, 52.12916674652047], [4.807813893599608, 52.12919874395028], [4.8077864243188735, 52.12927585326302], [4.807593695244578, 52.129637799685646], [4.807510011828107, 52.12987023749722], [4.807506617978124, 52.129938192883266], [4.807528925726309, 52.129960213865125], [4.80758052216348, 52.13001102405386], [4.807694299390383, 52.130246959709126], [4.807694321031035, 52.130247092840186], [4.807365817037072, 52.13054014251497], [4.807606708037115, 52.13065289658758], [4.8077113596459355, 52.13070188396952], [4.807671481820201, 52.130736139644085], [4.80762943885255, 52.13077742239439], [4.807426960075444, 52.13097622502534], [4.807778702747271, 52.131118636244324], [4.808057947375271, 52.13123572492445], [4.808061139936975, 52.131504858644064], [4.8080747226209155, 52.13156615626673], [4.808192206622802, 52.13171054360579], [4.808201208240371, 52.13175524815423], [4.80817896921141, 52.13178968945562], [4.808306721293147, 52.13179312266535], [4.808422215692742, 52.13180913832793], [4.808578086564404, 52.13187927911446], [4.808632970152873, 52.13191437926356], [4.808661384751551, 52.131949347755786], [4.8087739343491425, 52.13196114576472], [4.808757807058132, 52.13201460912226], [4.8087408756185726, 52.132057759117316], [4.808679508716421, 52.132117139486574], [4.808686661721668, 52.13213670583703], [4.808686427640718, 52.13215477987213], [4.808668549792051, 52.1322325386054], [4.808416624212486, 52.13251976850333], [4.808269170286531, 52.13274147472033], [4.808167275503462, 52.13298000195185], [4.808037762653446, 52.13302626985006], [4.808029484269879, 52.13310150500398], [4.808002329787481, 52.133154178871], [4.807869733231237, 52.133348175147795], [4.807799478154567, 52.13356523195073], [4.807771375600678, 52.133681939911924], [4.8077743669326365, 52.133820990577895], [4.80774166109576, 52.13411631548432], [4.807691972130476, 52.134225894020204], [4.807617909747145, 52.13436709353488], [4.807475623799636, 52.134559639579116], [4.807284656024958, 52.134783967300585], [4.807248798239296, 52.134865245235744], [4.8072609128908335, 52.135057146151304], [4.8073162640768725, 52.13523240684923], [4.8073538670360545, 52.13528932853135], [4.807370769024847, 52.135314691700536], [4.807459420512057, 52.13535978600913], [4.80762581476035, 52.135437565706816], [4.807715048303456, 52.13549570269236], [4.8077571367209595, 52.13552308604333], [4.807771061735408, 52.135527768968736], [4.807951502056818, 52.135588038174646], [4.808242919219878, 52.135696880975956], [4.808233262244498, 52.13570334638876], [4.8082573754878535, 52.13570228100923], [4.808392809744538, 52.13575285960016], [4.8085029152407985, 52.13581040451863], [4.808599349056783, 52.135900545208955], [4.808612352634078, 52.13592461904553], [4.808605658918432, 52.13595468393307], [4.8086092821195034, 52.13595654337858], [4.80862215704941, 52.13596314990864], [4.808638124714814, 52.135972311659174], [4.808673289015305, 52.136036802450384], [4.808673163481911, 52.13604547899558], [4.808681832560188, 52.136052471154215], [4.808712274332174, 52.13610830115649], [4.80871118894813, 52.13619210045229], [4.808705568291122, 52.13622638155549], [4.8086903986282445, 52.13625641925615], [4.808666838065317, 52.13629260324144], [4.808656449276731, 52.13631180670127], [4.808651821736398, 52.13632185073175], [4.808660473499327, 52.13633052179306], [4.808665133231173, 52.13633276472191], [4.808672333252959, 52.13633623530825], [4.808687542646902, 52.136338204609125], [4.808691740057239, 52.13634152025216], [4.808646003174315, 52.13657709285521], [4.8086140937021185, 52.1366781959382], [4.808589702608494, 52.13671950537135], [4.808558454772349, 52.13676150650557], [4.8085142733468, 52.136828918393434], [4.80848346969785, 52.136904158967305], [4.80845862449305, 52.136940250320876], [4.808335656212653, 52.13707240996468], [4.808325678830394, 52.137086446328595], [4.808311456697241, 52.13711174917784], [4.808307159696426, 52.13711746702245], [4.808267489170193, 52.13714592024749], [4.808268113272737, 52.137155583774245], [4.808268406887106, 52.13716031657749], [4.8082686957539424, 52.13716496486883], [4.808269453330857, 52.137177967249585], [4.808323996528217, 52.137197892030116], [4.808358144598154, 52.137210434499856], [4.808375827843121, 52.13722645007733], [4.808448385076068, 52.13731928518718], [4.808490357231838, 52.13742650942439], [4.808513734191591, 52.13742946796734], [4.808545745671221, 52.137433649908466], [4.80860604487756, 52.13748388386936], [4.80872930157486, 52.137586656711086], [4.808729969495466, 52.13758674088009], [4.808733586082624, 52.13758720442896], [4.808891313449928, 52.13760739405669], [4.808921633046044, 52.13761229384249], [4.809099256491001, 52.13764099543813], [4.809101034329775, 52.13764109762834], [4.8090635746943935, 52.13759477606259], [4.809072379905418, 52.13752277021926], [4.809131311931953, 52.13750645794163], [4.809206080423888, 52.13753625154861], [4.809249856548161, 52.1375848133063], [4.80930405098678, 52.137620815718584], [4.809375484982712, 52.13764428319928], [4.809446093797033, 52.13766514901962], [4.809470768156585, 52.13767250533649], [4.80947136654674, 52.137672657470695], [4.809486362435215, 52.13767547410224], [4.809586426837106, 52.137667536872996], [4.809858683817511, 52.13761499304519], [4.8099213806368635, 52.13760292323068], [4.8100703361518224, 52.13758676881299], [4.81015778694356, 52.13758290033465], [4.810385117241693, 52.13757285796212], [4.810502973554171, 52.137591113936246], [4.810518029743285, 52.13759344896667], [4.810607116078194, 52.13760511787349], [4.810647982092067, 52.13761874592705], [4.810697452568859, 52.13763536952708], [4.810700124334401, 52.13763626701929], [4.810704079432011, 52.137638006681534], [4.810804528750037, 52.13768613656864], [4.810883921410699, 52.1377595532073], [4.810917073649451, 52.13783442826131], [4.810905891711205, 52.13795795885679], [4.810873401118626, 52.13800864066546], [4.810747553584402, 52.13812178148586], [4.810380318826926, 52.13842193220293], [4.810318522719778, 52.138479209855774], [4.81031094737385, 52.138500239224776], [4.810207639012699, 52.13880848214523], [4.810194751530109, 52.13881192448033], [4.810186209672088, 52.13881741310158], [4.8101863385798564, 52.13879951833282], [4.81018380841745, 52.13878482741381], [4.810163680037825, 52.138759993567696], [4.810127714346415, 52.13872643653929], [4.810104197739151, 52.138705620885204], [4.810088881983402, 52.13869644005981], [4.810086238657778, 52.13869571167037], [4.810064678807862, 52.13867653243653], [4.810068299125826, 52.13866800961337], [4.809999469503509, 52.13858312941278], [4.809963132606301, 52.13854191980536], [4.809926883911191, 52.13850960169285], [4.809888139870857, 52.13848850653946], [4.809865211288778, 52.13847815771504], [4.809834893329815, 52.138469461589246], [4.809832262960981, 52.13846908828928], [4.809825761471063, 52.13843459590915], [4.809799629348071, 52.13840527448943], [4.809753370863981, 52.138382071637274], [4.809753404357765, 52.13838196663987], [4.809745696801393, 52.13835896598831], [4.809704231516814, 52.13832036471885], [4.8095796179787405, 52.13822967443606], [4.8095750836957185, 52.13822776472048], [4.809563177319227, 52.13822673749123], [4.809560763943339, 52.13823262908783], [4.809393283276318, 52.13840590920201], [4.809341975598745, 52.1384619425329], [4.8092838033844325, 52.138532114719254], [4.809234336561236, 52.138594537707924], [4.809221596349429, 52.13859032275701], [4.809130300853774, 52.13869403900775], [4.809074126744905, 52.13875785817273], [4.8089723501113415, 52.1388734951406], [4.808994737386884, 52.13887995770629], [4.808707411604868, 52.13923802084419], [4.808906760453394, 52.13931251240371], [4.808891696858604, 52.13933180980391], [4.80897275536344, 52.13937357063802], [4.809009265144046, 52.139380077261954], [4.8096093046766715, 52.13956450564195], [4.809728522691762, 52.1394162366766], [4.809771176686549, 52.13936319072628], [4.809826049285716, 52.13929494269796], [4.809931993309344, 52.13916317370196], [4.81034573186989, 52.139268076120054], [4.810404942096657, 52.139188505997225], [4.810431610934064, 52.13915268382139], [4.810512361219811, 52.13904416029223], [4.810506625886615, 52.139041924763056], [4.810528999338218, 52.13901259527334], [4.810529451525742, 52.13901026955427], [4.810536989606921, 52.13900457197009], [4.810539224292658, 52.13900334972157], [4.810545102679358, 52.139000161602496], [4.810868991382294, 52.13912005913794], [4.811018910082141, 52.1391674184541], [4.811057694573576, 52.139151035558484], [4.811295189973868, 52.139230000330045], [4.811470440267644, 52.13928646909282], [4.811542554887462, 52.13930479734668], [4.8115962212791406, 52.13932653551649], [4.811727157062544, 52.13937956988222], [4.811865948701204, 52.13945805010559], [4.8119289152648, 52.1395223977404], [4.811983556737253, 52.13958642431281], [4.812076636427436, 52.13966074994264], [4.8121150875931304, 52.139670486419256], [4.812169985084369, 52.13970558311323], [4.812250616419394, 52.13980737500562], [4.812440095376482, 52.14001903263877], [4.812478667076127, 52.14006211918888], [4.812542839467521, 52.140112697131634], [4.8125550448757055, 52.14012231817957], [4.8125886041472485, 52.140139334432824], [4.812695407772264, 52.14026484917338], [4.812733554040845, 52.140298456467406], [4.812988562361215, 52.14042749871986], [4.813024217257351, 52.140468118921916], [4.813153893443892, 52.14051032022945], [4.813255295639334, 52.14049705102398], [4.813723012593665, 52.140477135948835], [4.813848750488249, 52.14045246893804], [4.8138774926250365, 52.14044502444696], [4.814268209811134, 52.14034215528119], [4.814391607726807, 52.14031354311656], [4.814446881590852, 52.14031914687929], [4.814673914213566, 52.14028991226982], [4.814817077927094, 52.140205784167094], [4.81490923413625, 52.140165784681], [4.8151623836363555, 52.140075164596674], [4.815225142297415, 52.140049067165386], [4.815434472847246, 52.139957953580755], [4.815568494295841, 52.13977631104615], [4.815670360622952, 52.139726809021234], [4.815935292752726, 52.13965141276031], [4.816061161785726, 52.13960764243345], [4.8160853286998355, 52.13960972605206], [4.816319668371997, 52.13956170608945], [4.816472862511545, 52.13954980829241], [4.816552331424856, 52.139555810363674], [4.816636306549742, 52.13958402410219], [4.816696079576276, 52.13962195015865], [4.8167340122433275, 52.139672131052414], [4.816757172807882, 52.13969948791465], [4.816860023935915, 52.13980475283539], [4.816947959749373, 52.13989842995098], [4.816947454450025, 52.13991134885937], [4.817061520860534, 52.140067786967656], [4.8170699322994155, 52.14015967563334], [4.8171549073162545, 52.14029771811598], [4.81717826967389, 52.14036299323375], [4.817160845253045, 52.140404761404774], [4.817126205030545, 52.140463016906864], [4.817133225464308, 52.14048524075538], [4.817307709790548, 52.140602929695056], [4.817369545659003, 52.14066698669542], [4.817393805687205, 52.140751367695216], [4.817392777356388, 52.140831975550995], [4.817404475262123, 52.140854221976355], [4.8176626393440385, 52.141023715930935], [4.817659750969121, 52.14106246243431], [4.817712893552355, 52.14106552870436], [4.817823642493618, 52.14106184969532], [4.8178742770119865, 52.14106490198863], [4.818082955232192, 52.14114118465035], [4.81835742619591, 52.141258514883546], [4.8185061415300945, 52.14131345019983], [4.818580319421322, 52.1413567710966], [4.818656829208853, 52.14140741773185], [4.818677999979498, 52.14144768595906], [4.818703416249727, 52.14146601392682], [4.818318009591727, 52.14207091713025], [4.818647268615509, 52.14216663014571], [4.81907218622675, 52.14228997053326], [4.8191306520819275, 52.14224159932593], [4.81930260050762, 52.14217708351758], [4.819448104438186, 52.142106885514146], [4.819535845006423, 52.14203084571156], [4.819541674136165, 52.14201887010738], [4.819571877883279, 52.14199343881302], [4.8196051253341965, 52.1420159990298], [4.819658776515335, 52.14208916084169], [4.819683192481741, 52.14209854866734], [4.819832788927552, 52.1421908339819], [4.819872084527841, 52.14221489725361], [4.820088594628089, 52.142358342710786], [4.820148901276818, 52.14239065553721], [4.8205862469019545, 52.14243601146295], [4.82057823728275, 52.14250956424543], [4.820607709639033, 52.14248948249866], [4.820677935728554, 52.14244178897202], [4.82074086894078, 52.14241989947533], [4.820965518530332, 52.14238081360095], [4.821067136188536, 52.14235068592508], [4.8211578667393, 52.14231714256311], [4.821376302283624, 52.14238703418925], [4.82121020189193, 52.14264977848166], [4.821385384848481, 52.14268487262242], [4.821363536976503, 52.14271903059887], [4.821593132599264, 52.14277407840818], [4.821778454022548, 52.14248613310435], [4.8219599994261495, 52.1422112471449], [4.82200315617481, 52.142145928621595], [4.822059246061702, 52.14213635713053], [4.822141151465585, 52.14213955917084], [4.822232500429701, 52.14215403975183], [4.822382409300725, 52.14220391190262], [4.822442198045267, 52.14225026233717], [4.822495109122056, 52.14226287431481], [4.822559924630902, 52.14229099025547], [4.822588171796768, 52.14233157385473], [4.822592059603471, 52.14241220344119], [4.8225804624936845, 52.142562138318745], [4.822610622499442, 52.142577731470304], [4.822657565559455, 52.14257514643613], [4.82273987430428, 52.1425283525959], [4.822876342165809, 52.142413563699925], [4.822987219752804, 52.142418307687514], [4.823204730105621, 52.14246512973914], [4.823247293967899, 52.14246561545198], [4.823373386883133, 52.1424673416921], [4.823527755211727, 52.14246246180486], [4.8236291912272105, 52.14244637411744], [4.8236701214732145, 52.14245892832947], [4.823709123615208, 52.142479337934034], [4.823807306093941, 52.14246800904903], [4.823915606172828, 52.14246852621666], [4.824024078297381, 52.142483088963026], [4.824083996810679, 52.14250135126141], [4.824100344689331, 52.14254440515508], [4.824132948803914, 52.142520404273206], [4.824173384031783, 52.142490542745044], [4.824282307219033, 52.14245089817849], [4.824370673763041, 52.142430533852306], [4.824587448079371, 52.14242735424772], [4.824758901758298, 52.142407107226205], [4.824974608644614, 52.1424070119412], [4.8250818062175655, 52.14241398165593], [4.825199011254991, 52.142387016617086], [4.825563532793642, 52.14243341106325], [4.825656893671358, 52.14247879437117], [4.825704989442383, 52.142484081822715], [4.825912898187954, 52.14244181493516], [4.826086681054294, 52.14241764206257], [4.826120503719238, 52.14242342051627], [4.826141655337555, 52.142456946180694], [4.82613121432252, 52.1425248701702], [4.826160767439473, 52.142534561512214], [4.826196001772705, 52.14254624287208], [4.826235221018086, 52.14249502984223], [4.82629112319906, 52.142460466643165], [4.826351659441027, 52.14243856456021], [4.826450540623791, 52.14243482098407], [4.826522593582138, 52.14245033182773], [4.826551286816063, 52.142474062042325], [4.826571835606987, 52.14256460187589], [4.826627675809439, 52.14262609977932], [4.826670682156074, 52.142627427647895], [4.82673389659872, 52.14261958294896], [4.826811573646204, 52.142568550637], [4.826857495992716, 52.14255612786475], [4.826920098048558, 52.14256063883837], [4.827188616854627, 52.14268156922695], [4.827377727403703, 52.14277290897085], [4.827411606236543, 52.14277447368358], [4.827500690676341, 52.14277882778181], [4.827606093220012, 52.142837752458895], [4.827961683023812, 52.1430236953532], [4.8280163910366936, 52.14307535600407], [4.828046964949922, 52.14313111407835], [4.8280290467860025, 52.14321304583509], [4.828448712037488, 52.1432860962267], [4.828561753283692, 52.14330039599997], [4.8286118390321, 52.14332001337103], [4.828713755815838, 52.143302519643086], [4.828802805928868, 52.143300131494726], [4.82892097142868, 52.1433063101353], [4.829006107094755, 52.143325250115915], [4.829207095308999, 52.143361873036916], [4.829334242967406, 52.14341668357299], [4.829423380962157, 52.14340727384487], [4.829559651737991, 52.14339836908044], [4.8296176454867865, 52.14340678824198], [4.829633926319251, 52.14342793156786], [4.829638219318962, 52.14348637469486], [4.829683655947137, 52.14351299116137], [4.829707091375782, 52.14351900171994], [4.82977489391031, 52.14353701614433], [4.829866049337687, 52.14357620903199], [4.8299618124911605, 52.14363087061074], [4.830163511098081, 52.143693052093546], [4.830272457045879, 52.14374300296734], [4.830355495073164, 52.143774572969264], [4.830486012185368, 52.14382462186655], [4.83066809444854, 52.143913117026656], [4.830751694129627, 52.143973057724665], [4.830772768517537, 52.144022030967996], [4.830923766202202, 52.14408650125009], [4.83109910776517, 52.14412974108912], [4.831275657083234, 52.14418618811829], [4.831275101223059, 52.14423084390566], [4.831426217185647, 52.144295315893615], [4.83147192885809, 52.14429974486936], [4.831579988427546, 52.144329465265194], [4.831692712666541, 52.14437858592698], [4.831778831481157, 52.144429270990436], [4.831965463108758, 52.14441863752602], [4.831772183164953, 52.14515825937103], [4.831762302443242, 52.14519410423235], [4.83185598390838, 52.145204568820255], [4.831918537456316, 52.14521155582445], [4.832537547001784, 52.14528125853405], [4.832749775085026, 52.14530182329935], [4.832787649193447, 52.14516590311279], [4.833247669571892, 52.14523136742963], [4.83331967281278, 52.14507367989733], [4.833440957435133, 52.14508535319148], [4.83364001122448, 52.14509415197895], [4.8336474480427025, 52.145061696602525], [4.833937779990215, 52.145079794425314], [4.8341055033268185, 52.14508506775451], [4.834241251390891, 52.145089333509304], [4.834597229164398, 52.145123493562316], [4.834966150994462, 52.145178026290225], [4.835587251278618, 52.1453089732326], [4.836098421530822, 52.14541834963942], [4.8396638975058455, 52.14618089532444], [4.8405133702095275, 52.14637330459748], [4.841191952425104, 52.14651211180055], [4.842921955366265, 52.146870922324986], [4.843527094274482, 52.147005724445854], [4.844836543834384, 52.147305831521884], [4.845948916337826, 52.147556146312084], [4.846312401413251, 52.147627190685284], [4.84676610044497, 52.14767645734168], [4.8469605371209346, 52.14770066117498], [4.847512295197552, 52.14781525730999], [4.847895049788861, 52.147879081192144], [4.84861221125275, 52.147993304587246], [4.849498882527678, 52.14809818282312], [4.849588021165274, 52.14810842022154], [4.849498299829304, 52.14838355451392], [4.849819308142607, 52.14846647087866], [4.850089284949219, 52.148542248499695], [4.8501178493508, 52.14856517237987], [4.850187309287948, 52.148583232874465], [4.850258315609329, 52.148593109499956], [4.850404680718616, 52.14868835648918], [4.850427832333571, 52.14869156810923], [4.850478783612839, 52.14870878113511], [4.850761317771959, 52.14874517540191], [4.850795106750969, 52.14874504859311], [4.850920771973808, 52.14875545103524], [4.850922702729918, 52.14875466526204], [4.850926434818713, 52.14875511095807], [4.850946976748542, 52.1487489764619], [4.8509486614574575, 52.148744102676204], [4.850977433347406, 52.148732395201314], [4.851022423011641, 52.14865535763757], [4.851044444943926, 52.148400853300195], [4.851055875116457, 52.14833743120208], [4.851050078980044, 52.14833573487256], [4.851050385955705, 52.14833219315418], [4.851113713718231, 52.148353547243836], [4.851193173544706, 52.148380592156954], [4.851244102489002, 52.14839795665085], [4.851660235491215, 52.148572867337776], [4.852265463239843, 52.14886632253233], [4.85256539639295, 52.148984527422016], [4.85282119719826, 52.149061242096906], [4.852943628116361, 52.149093817575476], [4.853148029345118, 52.149135191231885], [4.853400812391042, 52.149168352585775], [4.853497082869961, 52.1491839564258], [4.853589644866895, 52.14919420447851], [4.854278117472135, 52.149276524757006], [4.854359989472255, 52.14928391603459], [4.854453908887535, 52.149295294849246], [4.855387494290779, 52.149480672631], [4.855703443997713, 52.149567763746376], [4.855778629275007, 52.149590011815704], [4.856003516227054, 52.14965590784105], [4.856526302070259, 52.149839987246146], [4.856626361226356, 52.149873019120754], [4.857397755496245, 52.15012562491269], [4.857729859213199, 52.1502282318587], [4.8579865391532335, 52.15029005312199], [4.858256765734937, 52.15033536228701], [4.858322608161801, 52.15034070875263], [4.858298741369307, 52.150443406809444], [4.858298709303311, 52.15044352351104], [4.858226667991913, 52.15066358617592], [4.858224316689434, 52.15067076791542], [4.8581385996018795, 52.15095978346329], [4.858126489695407, 52.15100404770408], [4.858123587457145, 52.15101468649192], [4.858082746792097, 52.15116401955583], [4.858018892441905, 52.1513886973254], [4.857961181893246, 52.15159412402935], [4.857883115502188, 52.15186127685604], [4.857773711727597, 52.15225608993904], [4.857730580104886, 52.15240742860717], [4.857721081519208, 52.15244076779322], [4.857682679032778, 52.15256675874502], [4.857576926696206, 52.15298604910997], [4.857470392088282, 52.15335988751406], [4.857425124296608, 52.15351756295462], [4.8573657865165965, 52.153724198989536], [4.85725512967132, 52.15399481369841], [4.857179912583802, 52.15417767938656], [4.857158275553452, 52.15423025964557], [4.8571102598812335, 52.154346962038616], [4.8570468297023535, 52.15433697081592], [4.856521785467947, 52.15423712569891], [4.856539553555065, 52.15426436674647], [4.856386561239247, 52.15456416064049], [4.856380204207529, 52.154576618309875], [4.856375610951348, 52.154574446794285], [4.8563495830344126, 52.15458204957861], [4.856243764915692, 52.154521246243895], [4.856117796958274, 52.15445534485288], [4.856084896769886, 52.15443776075491], [4.856036433704028, 52.15448617721135], [4.8560201120426605, 52.154546062449036], [4.856040756434616, 52.1545588717447], [4.856040531569312, 52.154577774502734], [4.856206633710451, 52.154672294934386], [4.8562063469438685, 52.154696408713434], [4.856163841162068, 52.15475516137806], [4.856149518982278, 52.15478724735043], [4.856153815087114, 52.15481673866127], [4.856183685732816, 52.154854771409894], [4.856183530208763, 52.154861705028175], [4.856188832885628, 52.15488040705947], [4.85620082531832, 52.15489419304481], [4.856214883611611, 52.15490408030004], [4.85623078785964, 52.154913446461116], [4.856274488642986, 52.154925143373546], [4.856287138580734, 52.15493254806199], [4.856314540548861, 52.15497285713967], [4.8563122469587, 52.15516575837461], [4.856329895248215, 52.155243530896094], [4.856347288745992, 52.155342738880975], [4.856456346081308, 52.15535126482489], [4.856613805623628, 52.15520966980396], [4.856815401361507, 52.15524308248552], [4.856639878218871, 52.15550294553119], [4.856579978171811, 52.15562491700396], [4.856503575068685, 52.15584181661181], [4.856501202138963, 52.15584609955343], [4.856385870085965, 52.15614069416186], [4.856272685189102, 52.15648304846753], [4.856245996993316, 52.15656377450968], [4.856714559898794, 52.156574906900175], [4.856827898469556, 52.15656257239174], [4.856840318656622, 52.15656254642475], [4.856865725784871, 52.15655845508742], [4.856877797394489, 52.156557141353375], [4.857220767588065, 52.15651938811095], [4.857361977871446, 52.15649473874536], [4.857540872035502, 52.15647988551732], [4.85782020140621, 52.156453363996505], [4.85815986378931, 52.156428246627584], [4.858514908242181, 52.156393706671174], [4.858861398942299, 52.15636818555034], [4.859034396214761, 52.156345500191904], [4.859114171148709, 52.156335522728604], [4.859210247927411, 52.15632350145953], [4.859542907665622, 52.156296003784234], [4.859784239806896, 52.156261834056714], [4.859956699761325, 52.15623740929529], [4.860074144853533, 52.15622291486764], [4.8601845215122035, 52.15621386340419], [4.860301064413713, 52.15620757714372], [4.860396736720767, 52.15621119775332], [4.860565872894619, 52.156207232143494], [4.860633732053576, 52.15619398900678], [4.860708304746359, 52.15615767278622], [4.860748514119345, 52.1561459222784], [4.861003739340648, 52.15611826096794], [4.86116681017283, 52.15610317164904], [4.8613097370098535, 52.156092517841046], [4.861450098077035, 52.156082080726314], [4.861590042139336, 52.15607168293259], [4.861730332820928, 52.15606125505813], [4.861870218219834, 52.15605086386156], [4.862009983669339, 52.15604047735827], [4.862040467410294, 52.156039049993836], [4.8621490311414854, 52.156033977542016], [4.862154524007458, 52.156024675935335], [4.8622085153132755, 52.15602068814786], [4.8622244631271165, 52.15598783570815], [4.862280340060508, 52.155950114072915], [4.862291181723799, 52.155975951836915], [4.862292545816858, 52.15597924934461], [4.863529411780932, 52.155855971306956], [4.863884124560648, 52.15582051392613], [4.864529681956947, 52.155755975075664], [4.864562129736176, 52.15571532093473], [4.8646129837469525, 52.15565021979144], [4.864820022533617, 52.15568018779424], [4.8649527394734395, 52.1557050520618], [4.865091138832412, 52.155720232383175], [4.865226246599973, 52.15575173294229], [4.865283494886282, 52.1557722174522], [4.865366726789056, 52.155797446605504], [4.865473376660735, 52.155810258824296], [4.8654945344270715, 52.155857324136825], [4.8654979607260955, 52.15593452722534], [4.865461149706254, 52.156023240534296], [4.865384080129447, 52.156093249561415], [4.865171379870276, 52.15612860633594], [4.865076753909002, 52.15614433570479], [4.864912773205405, 52.15613862166143], [4.864692518899075, 52.15614512471997], [4.864648202712997, 52.15624328518475], [4.864604352584016, 52.156300363125744], [4.864512909777472, 52.156367189063694], [4.86444344293579, 52.15640174616367], [4.864369869400813, 52.15641635842753], [4.865433263570812, 52.15666759038882], [4.866208051199374, 52.156674266344], [4.866209400385737, 52.156813491536354], [4.866208728196211, 52.156892510064544], [4.866212970931602, 52.15689647816272], [4.8662077310581795, 52.15696631406455], [4.866218554618428, 52.15705115010146], [4.866218045837723, 52.15712330424455], [4.866244975631815, 52.157160246438146], [4.866250146904304, 52.157176315704426], [4.86628110358884, 52.157209807162076], [4.866282482953319, 52.15721169895223], [4.866285027474026, 52.15721405248063], [4.866307759775475, 52.15723864536956], [4.866323695582206, 52.15724981510212], [4.8663549484709945, 52.15727871942718], [4.866418902712094, 52.157357062342356], [4.866408660516866, 52.15737418619141], [4.866354554154089, 52.157453694224685], [4.866251743944845, 52.15749294350256], [4.866235231292187, 52.15749701321689], [4.866170715484109, 52.15749672838534], [4.866088877459054, 52.157524172581454], [4.866050072412665, 52.1575624828241], [4.866048846238709, 52.15766752660522], [4.86607178460374, 52.15775610306094], [4.866120365437797, 52.157855601816216], [4.866135070859036, 52.157889942826515], [4.8662602226484175, 52.15836639488766], [4.866278566905688, 52.1584667667513], [4.866299993044088, 52.158589457951734], [4.8663374215396695, 52.15872330658259], [4.866369557449121, 52.15883607544677], [4.866412284441553, 52.15899055441936], [4.86643845996595, 52.159104170597224], [4.86646194105398, 52.15920861601663], [4.866488337930411, 52.15931492853722], [4.866541655413516, 52.15955861599487], [4.866553847158545, 52.159619975722634], [4.866569451405268, 52.15966767423144], [4.866603289673509, 52.15974986496296], [4.866627605740193, 52.15980407241677], [4.866667255938703, 52.159890435867695], [4.866680658099641, 52.15993674767122], [4.866698235981427, 52.159968489328314], [4.866712249785604, 52.15999606366667], [4.866744568496584, 52.16003163543835], [4.866773316075943, 52.16006214194596], [4.866822876873233, 52.16011665931726], [4.866859238076943, 52.160165526081315], [4.866885195326754, 52.16020310466617], [4.8668909096041935, 52.160238464719576], [4.866830034384466, 52.16046037548009], [4.866829204265371, 52.1604616301516], [4.866821708969535, 52.16048803914816], [4.866819120293186, 52.16052318103189], [4.8668197292172435, 52.16055105756539], [4.866820331689409, 52.16055290817223], [4.866819925900974, 52.16055863269169], [4.8668261505419075, 52.16057077068451], [4.866828544954868, 52.160578121811305], [4.866865935142917, 52.16068957893614], [4.866893636942183, 52.16077762970564], [4.8669020172712765, 52.16081886174007], [4.866938216366334, 52.16096822262741], [4.866979971695321, 52.16115374997553], [4.8669966476310655, 52.161215167155085], [4.867009030798639, 52.16124940521875], [4.867022007763024, 52.16131396000737], [4.867129402890677, 52.161563291775344], [4.867265658746699, 52.16187103736194], [4.8672818256677575, 52.16191711138313], [4.8672968344449625, 52.162000512293524], [4.867308353921378, 52.16224661174891], [4.867344292281552, 52.16229734329394], [4.867347464088727, 52.16230534856784], [4.867362747479887, 52.162323396544004], [4.867379011386257, 52.16234635453122], [4.867416569826854, 52.16241561492565], [4.867425297577687, 52.16249008725191], [4.867458104499656, 52.162545564155906], [4.8674738420383, 52.16259453670667], [4.867477981531671, 52.162622617519176], [4.867481294417385, 52.16268340950383], [4.86747975558916, 52.16273272930839], [4.867475883740137, 52.162785222416154], [4.867467191869655, 52.162897957571616], [4.867472844065545, 52.162983281133556], [4.867472137540904, 52.162987726222525], [4.86747381855522, 52.16299799891076], [4.867474763328004, 52.16301225636743], [4.86747734436793, 52.16301954088754], [4.867481201807836, 52.163043103945874], [4.8674954471612235, 52.16307062256354], [4.867543052590208, 52.16320495590106], [4.867615905821796, 52.16339360208354], [4.867691667970096, 52.163633000517244], [4.8677217992638155, 52.16373889586418], [4.8677594668746265, 52.16386498462982], [4.86778932682594, 52.163932051163734], [4.867836604363324, 52.16401256590279], [4.868094822191378, 52.164154838139964], [4.868155702688818, 52.16419167749383], [4.868166467930562, 52.16420255277507], [4.868192267725092, 52.16423347826361], [4.868213655946537, 52.16426206272624], [4.868222153200937, 52.164275421321285], [4.868247480820648, 52.1643447040349], [4.868224381700503, 52.16444843362222], [4.868219473236059, 52.16450101835115], [4.868203226418811, 52.16463977673464], [4.868198873356702, 52.16470128277159], [4.868204136457618, 52.164794313629784], [4.868212850011753, 52.16488084330444], [4.86820285317293, 52.16505288684086], [4.868221896740459, 52.165281527457445], [4.868233671327454, 52.16533886832699], [4.868257107635156, 52.165422407681795], [4.868267369407326, 52.16544958600395], [4.868277281146063, 52.165485375159435], [4.868285506585605, 52.16552942772607], [4.868308313175617, 52.16566338020761], [4.868329727527159, 52.165804073907964], [4.868330680321022, 52.1658093711739], [4.868334968010622, 52.16584074312431], [4.868340287962089, 52.16587359455556], [4.86835629942449, 52.16603058324001], [4.868387595163639, 52.16610346938988], [4.868406361295359, 52.16615501939149], [4.86840872942858, 52.16615876883989], [4.868440277797677, 52.16626111809112], [4.868448234811049, 52.16633470606748], [4.8684469149031715, 52.16634904613022], [4.868445436355496, 52.16635477581998], [4.868440985385483, 52.166370265177], [4.868435741805449, 52.166384782135644], [4.8684233271003565, 52.16640573449187], [4.86840727798887, 52.166428258164736], [4.868389128103137, 52.16645056138093], [4.868380517958976, 52.16646209028325], [4.868370260825505, 52.16648654488356], [4.868364234435592, 52.16650754239371], [4.8683598513817685, 52.16652837635437], [4.868356970508186, 52.16659036162172], [4.86835144046001, 52.16671916875616], [4.868318595888124, 52.16684649411091], [4.868288228654638, 52.166973317127386], [4.868286974756503, 52.16708116848577], [4.868305513548018, 52.16713658236561], [4.868338356364287, 52.167212365878726], [4.868352167305266, 52.16726006068093], [4.868363767550039, 52.16729574129359], [4.868379296296516, 52.16736038795675], [4.868399042645312, 52.16742712131195], [4.868416827012099, 52.16749691187017], [4.868430901296749, 52.16756107486411], [4.868449474601285, 52.16763555975787], [4.868460277848131, 52.16771115467846]], [[4.74627460810431, 52.11106872701401], [4.745946852060468, 52.111196042309444], [4.745960132696834, 52.111235898257796], [4.745882874072661, 52.11126576646524], [4.745900778493898, 52.11128331991801], [4.745879514433144, 52.11129427682415], [4.745953527651321, 52.111374373626056], [4.745864217742127, 52.11140707496287], [4.745556464101806, 52.111519759111765], [4.744959240659242, 52.11173843402967], [4.7450600370158735, 52.1118373773295], [4.745073471178468, 52.11185056523948], [4.745289178982352, 52.11206231635808], [4.74540990195401, 52.1121729159381], [4.7455155017097805, 52.11228417369243], [4.745698994073656, 52.11245408821663], [4.7457116003165565, 52.11244931216829], [4.74571313061852, 52.11245071367171], [4.745792827436334, 52.1124185380802], [4.746264613630628, 52.11223979384437], [4.7464286353822525, 52.112177651163776], [4.7464420042052, 52.1121615270522], [4.7464392185041016, 52.11215757147019], [4.746445560513539, 52.112155011044266], [4.746506584131902, 52.11213037525448], [4.746110657550924, 52.11175099381148], [4.746721318027135, 52.11151958595863], [4.747327637223515, 52.11128979893357], [4.747318347770436, 52.11128023895968], [4.747333155282622, 52.11127462799774], [4.74755249925276, 52.11119507725902], [4.747266010830156, 52.11088350026431], [4.747010097534294, 52.11097737683465], [4.746876326275858, 52.11083497774758], [4.74627460810431, 52.11106872701401]], [[4.802390419171123, 52.130791064177025], [4.802586283726941, 52.13082601045822], [4.802666953226855, 52.13066136965803], [4.802678041921691, 52.13064324156201], [4.803016239158666, 52.13067971936373], [4.8031997005602385, 52.130701417557184], [4.803210768197074, 52.13070141843042], [4.803294621561105, 52.130623959267865], [4.80331312152998, 52.13060687268098], [4.803319272011825, 52.1306075170213], [4.8035175153342475, 52.13041804092198], [4.803522821862111, 52.130413078753506], [4.803705971187681, 52.13024168911745], [4.802944413278943, 52.13021229640207], [4.802823203102382, 52.13019882214059], [4.802822803426115, 52.13012878439339], [4.8026338538889535, 52.13014720852789], [4.802507094213568, 52.13015437291839], [4.802361317248205, 52.13016145186015], [4.802245831308858, 52.130161003172276], [4.801838028803183, 52.13011910028616], [4.801826449151251, 52.13013199206083], [4.801816341104862, 52.13013121744503], [4.801711083100086, 52.130243972788456], [4.801658628325844, 52.130317293978], [4.8016080344890915, 52.13037308937551], [4.801599989227804, 52.13038195939581], [4.801515205589534, 52.1304242465544], [4.801478271325513, 52.130459665251216], [4.801477713341221, 52.13047103250684], [4.801475333559821, 52.13051942284683], [4.801444592579831, 52.13055332452837], [4.801389035256922, 52.13061459144179], [4.802184557740373, 52.13078489481798], [4.802235090949088, 52.13073103312953], [4.802263685257864, 52.130749162059054], [4.802390419171123, 52.130791064177025]], [[4.840653519910555, 52.148202753582204], [4.8407027822418565, 52.14821006171052], [4.840747294202807, 52.148056102811715], [4.840828013293616, 52.147776907570034], [4.84092559829191, 52.14743937118848], [4.841119605870462, 52.14674429419337], [4.841082794590919, 52.14670901352246], [4.841080469595966, 52.146706786290636], [4.8409323761155285, 52.14663912753799], [4.840669135856334, 52.14658740508881], [4.840404288592912, 52.14654180899351], [4.84032651173114, 52.14652201170132], [4.8403190147387, 52.14654639587197], [4.839846444621426, 52.14808299177276], [4.839850399813953, 52.14808357906936], [4.840653519910555, 52.148202753582204]], [[4.849242089784694, 52.14909974932612], [4.849339108791964, 52.14874010454907], [4.8493522037412635, 52.1486671358408], [4.8493553723178335, 52.14862192929972], [4.849294748371732, 52.14858513962461], [4.849237201401897, 52.14854763411283], [4.8490720833336045, 52.14844003226238], [4.848682944181158, 52.14834669128771], [4.848539170769869, 52.14832356470253], [4.848436521417734, 52.14833573509891], [4.8482798764151305, 52.1483198531605], [4.847865229013727, 52.1482783532421], [4.847809223982804, 52.1482752893332], [4.847732545568422, 52.14835779837215], [4.847696971710471, 52.14843010146958], [4.847688390896995, 52.148535672551624], [4.847699486906308, 52.14861858289742], [4.847761908060604, 52.148714647424526], [4.847925369384355, 52.148723821916015], [4.848024935099434, 52.14874955511938], [4.848087975591323, 52.14878495254692], [4.848104611568421, 52.148815926092375], [4.848092012985768, 52.148847607346646], [4.8480895404095525, 52.148854056703414], [4.848085476546272, 52.14899194991827], [4.8480926629197105, 52.14900181215308], [4.8482557124780765, 52.14902643306829], [4.848384135095425, 52.149006796360865], [4.848389550754109, 52.14900260746619], [4.848522075438948, 52.14905011974763], [4.848795851692275, 52.149083669052004], [4.848825236625079, 52.14907959131027], [4.849242089784694, 52.14909974932612]], [[4.853338859625256, 52.149471420946554], [4.853337063038476, 52.14943360703613], [4.853336213742242, 52.14941579595297], [4.8533266936705255, 52.14941013530898], [4.8532307502261265, 52.14935773549532], [4.853131322297962, 52.14931009970635], [4.853052739398601, 52.14927632079523], [4.8529810796928246, 52.14925521045898], [4.852889525541043, 52.14924608820876], [4.852760376649995, 52.149242893136304], [4.852722805495571, 52.14924196255297], [4.852669695747409, 52.14925408060662], [4.852639963593891, 52.149257524969464], [4.852626454555602, 52.14925909061171], [4.852616975357586, 52.149449466142634], [4.85261908931911, 52.14946816199861], [4.8526160408148025, 52.14956537255737], [4.852608366406893, 52.149757420852815], [4.853272904049073, 52.14979110723662], [4.853338859625256, 52.149471420946554]], [[4.854599557085689, 52.15068956107121], [4.85508003393356, 52.150746401790265], [4.855165456959573, 52.15048357212945], [4.855216796567646, 52.15029275243611], [4.855288569386547, 52.15002122984525], [4.855305939567585, 52.14995409598933], [4.855272614042944, 52.14994406602617], [4.855264547274567, 52.14988162523385], [4.855264524160566, 52.14988148042113], [4.854913079605747, 52.149787779945854], [4.854861799927909, 52.1497906378068], [4.854599557085689, 52.15068956107121]], [[4.854720427739452, 52.15006273410026], [4.854752995466007, 52.14995446113556], [4.854780126032848, 52.1499136076838], [4.854766046578607, 52.14991080008087], [4.854411821977821, 52.149862319113694], [4.85431588552699, 52.15017170501473], [4.854674973166628, 52.15021679542626], [4.854720427739452, 52.15006273410026]], [[4.854220569102814, 52.153677229225345], [4.854676874979915, 52.15376911655751], [4.8549089025655645, 52.153815841027146], [4.855127287486113, 52.15385982506666], [4.855719959085759, 52.15396376503735], [4.85580377785174, 52.15398205583351], [4.855856369700847, 52.15399789601401], [4.855904327394866, 52.15392683632832], [4.855869135261354, 52.15388908962775], [4.85583433345953, 52.153820021144], [4.8558147572548975, 52.153754445684356], [4.855869006153184, 52.153540260861895], [4.855842761062985, 52.15353852841368], [4.855874359131337, 52.15339715844644], [4.855898989328794, 52.15330950054578], [4.855962305492277, 52.15311903025482], [4.856080032181825, 52.15274823568601], [4.856153705641095, 52.15250747942506], [4.85618210107465, 52.152419756608985], [4.856205901509114, 52.15227877927136], [4.856216756029291, 52.15221604532292], [4.856232046427039, 52.152165376291094], [4.855811576454736, 52.15210981545197], [4.855622979984751, 52.15209184360246], [4.855469800257091, 52.15207715712391], [4.855359031716685, 52.15245357219858], [4.8553551344402335, 52.15245322566731], [4.855086608516375, 52.15337542565305], [4.855085072951308, 52.15338288963814], [4.855074903325285, 52.153416686674426], [4.855023707302963, 52.153463180426556], [4.854800573600836, 52.15341812315246], [4.854784510318015, 52.15339287499971], [4.85478268017728, 52.15338030946487], [4.854800230369476, 52.15331320439173], [4.854747626122217, 52.153243236431486], [4.854728860290767, 52.15324660947102], [4.854693645879611, 52.153235119253246], [4.85464451371944, 52.15323805233287], [4.854529246599048, 52.153297320881144], [4.854334599771796, 52.15329704420975], [4.854387526842369, 52.15312058611961], [4.854427710384994, 52.152986611150624], [4.8541724354994535, 52.152960309526115], [4.8539447056361675, 52.15293418486767], [4.853901216606882, 52.15292919585995], [4.85390118155161, 52.15292931704087], [4.853901077981361, 52.15292917995366], [4.853468136235223, 52.152873403408655], [4.853442300049231, 52.15295253284478], [4.85336220052375, 52.153263716095466], [4.853324551964282, 52.153332772121814], [4.853258245899886, 52.15340327137694], [4.853225517553592, 52.15340312327109], [4.853184359086782, 52.1534234029126], [4.853149500303425, 52.153450495272644], [4.8533127402516065, 52.1534849762329], [4.853603790425185, 52.15354585784044], [4.853718838856195, 52.15356962758327], [4.853717076923737, 52.153575960722975], [4.854220569102814, 52.153677229225345]], [[4.849541756947047, 52.15238451707577], [4.849529720737296, 52.152312459411924], [4.849522086790503, 52.15223048006251], [4.8494656951758115, 52.15226747068777], [4.849324426725014, 52.15229890354098], [4.849135250749574, 52.1523415371566], [4.849105245831491, 52.15235493371617], [4.849077096424597, 52.15236749744378], [4.8490509806678785, 52.15239221247244], [4.848975801441419, 52.152558221429075], [4.848949384941704, 52.15260775122317], [4.848880404733888, 52.15265256581196], [4.848922923664063, 52.15265977860142], [4.849242237362934, 52.15275107188105], [4.849288705501129, 52.15275578677277], [4.849699552112886, 52.1528093586305], [4.849714909898425, 52.15269035417254], [4.849703258972606, 52.15261903441196], [4.849660535028047, 52.152524455685864], [4.849586292422362, 52.15244899484688], [4.849541756947047, 52.15238451707577]], [[4.856627529709035, 52.15347293772414], [4.856542626744515, 52.1537671247313], [4.857294445985269, 52.15387341543906], [4.857354124568505, 52.15372812116077], [4.857367358135707, 52.153620197551966], [4.8573481771614295, 52.15355807555509], [4.8572714160877535, 52.15351025569047], [4.856973603853891, 52.15346702426219], [4.85680415406426, 52.15345516238543], [4.856627529709035, 52.15347293772414]], [[4.85532760337277, 52.15466141509671], [4.8557408470866825, 52.15468520266049], [4.85596836544992, 52.154712621646745], [4.855909158645324, 52.15463553019732], [4.855998125747666, 52.15440444584676], [4.855999432724155, 52.15439641097679], [4.856001335767504, 52.15439268588749], [4.856034027398244, 52.15432866701343], [4.855992240310342, 52.15430098070597], [4.855985932427746, 52.1542907544102], [4.8559369093007225, 52.15425127367861], [4.85589812605962, 52.15423862267279], [4.855805211084994, 52.15417705822056], [4.855765034248635, 52.15416044972573], [4.855706562148263, 52.15415037944433], [4.855646953866686, 52.15416038522867], [4.855644691459525, 52.15416753675487], [4.855639526037565, 52.1541838520533], [4.855585116537942, 52.15417473747229], [4.855548836384865, 52.15410589593714], [4.8554874787289295, 52.15406279116377], [4.855405768525354, 52.15403922464334], [4.8553254584405705, 52.15402815783676], [4.85526045364576, 52.15403143307856], [4.85520470452045, 52.154036538647354], [4.855075017628892, 52.15401453522208], [4.85503786645979, 52.154016156306405], [4.854954892872464, 52.15416235101716], [4.854760553845281, 52.15412013796955], [4.854660201923797, 52.15429462948697], [4.85477632772628, 52.15428621936097], [4.854862881229764, 52.15429196678793], [4.855063501167441, 52.154332131738386], [4.855205338027381, 52.15437203133134], [4.855291716499735, 52.154393839388305], [4.855428969323973, 52.15441144553544], [4.85532760337277, 52.15466141509671]], [[4.85719220001407, 52.15845676843514], [4.858084337281666, 52.15836561519159], [4.858012340006133, 52.158038422369025], [4.856982349978793, 52.158131490362216], [4.856904158859157, 52.158120883583265], [4.856853120643215, 52.15801945726255], [4.856840380510937, 52.15800197208878], [4.856806870676315, 52.15791466392848], [4.856811521457045, 52.15788729811123], [4.856835576707817, 52.157847849631395], [4.856881368916235, 52.1578274277644], [4.856839573680676, 52.157684715714964], [4.856572908653289, 52.1577088093671], [4.85641764570083, 52.157731632917184], [4.856389499564057, 52.15776347695961], [4.856249635341714, 52.15822151014571], [4.856169744071382, 52.15853838539918], [4.856249912523083, 52.15854964870248], [4.856372600409939, 52.158551818531464], [4.85719220001407, 52.15845676843514]], [[4.856038445658439, 52.159009372722274], [4.856080384431897, 52.1590095704811], [4.856322473608034, 52.15898326415296], [4.856585968767641, 52.158972000782995], [4.856858455277147, 52.158930891828916], [4.857248631799298, 52.15890687590799], [4.857232707078455, 52.15868106845373], [4.85723329824088, 52.15863126808893], [4.857251250885095, 52.15857407659089], [4.857251487405255, 52.158554151052], [4.85719986235445, 52.15853898098152], [4.856616243407435, 52.1586035891691], [4.856201338415515, 52.15864156707377], [4.85613664687671, 52.1586731117743], [4.856038445658439, 52.159009372722274]], [[4.856057911836236, 52.159084169367134], [4.856012272089489, 52.159095199044074], [4.855994607672523, 52.15915147486504], [4.855922566189134, 52.15935466790768], [4.855963783766878, 52.159375094655076], [4.856032802441434, 52.159380384752595], [4.856231355426326, 52.15938376803524], [4.856542494736312, 52.159360270621576], [4.856609577413883, 52.159347701325395], [4.8565788982649, 52.15916358612418], [4.856753887062093, 52.159162485365854], [4.856738126183159, 52.159048670212854], [4.856602058003013, 52.15907167916643], [4.856506982247645, 52.159078720724466], [4.856286876236863, 52.1590727512319], [4.856153032285858, 52.15907214896889], [4.856057911836236, 52.159084169367134]], [[4.856191389630892, 52.16002355827379], [4.856260557374842, 52.16001640039998], [4.856321384562008, 52.15998429896364], [4.85637950428984, 52.159829596744984], [4.856379171989846, 52.159794982111634], [4.856378515074529, 52.159728548175174], [4.856394888522516, 52.15969355928397], [4.856425655053105, 52.159635508771984], [4.856432937061229, 52.15960566511048], [4.85643418134449, 52.15960057445933], [4.856426585430508, 52.15955725364546], [4.856399823272667, 52.15953049256427], [4.856337871893586, 52.15950356418765], [4.856243394987482, 52.15947983300354], [4.856036209308942, 52.159460079521764], [4.855941014137706, 52.159477078893616], [4.855871696800314, 52.15950190649364], [4.855854894668999, 52.15955053730714], [4.855796766153407, 52.15963710051677], [4.8557753945298225, 52.15968789484652], [4.8557633082628735, 52.1598315510095], [4.8557155192679415, 52.15992115377489], [4.855679287688889, 52.16000236876076], [4.85570783827512, 52.160023871037446], [4.855759553438791, 52.160031573056266], [4.856191389630892, 52.16002355827379]], [[4.865530268954474, 52.15972031225665], [4.865419035060725, 52.159767051992404], [4.865456353903345, 52.15977496382102], [4.8654457408413405, 52.15982386601843], [4.865449208493431, 52.15985865805387], [4.865449415980238, 52.1598761677636], [4.865456033589618, 52.15993604778947], [4.865707647232098, 52.159976446857144], [4.865666410870641, 52.15993969210474], [4.865682189695737, 52.159910199120944], [4.865691929249474, 52.15989201522129], [4.865697653002206, 52.159881316829285], [4.8657038009557505, 52.159882845906516], [4.8658345297573105, 52.15991525123828], [4.865881069972847, 52.15992571044785], [4.865984659367298, 52.15993914680545], [4.866118010212564, 52.159957166286226], [4.866174822581193, 52.159924211542446], [4.866196966352459, 52.159881258170955], [4.866193674588827, 52.159854010636245], [4.866192197625922, 52.15984169133645], [4.866187178010081, 52.1597999554675], [4.866175313946687, 52.159699162819344], [4.8661528902754005, 52.15955060849046], [4.865975634495302, 52.159543891798755], [4.86585254363696, 52.159525291908494], [4.865764930141311, 52.159763098103944], [4.865709765942802, 52.1597211325492], [4.865649865642864, 52.1597137924146], [4.865530268954474, 52.15972031225665]], [[4.856358856593382, 52.160697233879304], [4.856649313514271, 52.1606685711466], [4.856968126325419, 52.1606371274678], [4.857248439631679, 52.16060947018802], [4.857437675573861, 52.160590798651356], [4.857389492237119, 52.160356722128185], [4.857440972449078, 52.1603509042661], [4.857374395113293, 52.160024506670986], [4.857365995818569, 52.159947450911915], [4.857238685254127, 52.15996257063012], [4.857033601490885, 52.159980958524415], [4.856813225267015, 52.160004611760876], [4.85659727434426, 52.16002861075215], [4.8564206635687635, 52.160046861357145], [4.856375990299014, 52.1600501567763], [4.856328716323322, 52.160053640913105], [4.856158001255977, 52.16007234638046], [4.85605358985179, 52.160066666064886], [4.855979337702113, 52.16007848372443], [4.855869987587342, 52.160097279852856], [4.855832761889935, 52.16009995157063], [4.855753142964082, 52.16008649737412], [4.855625946352371, 52.16005146321804], [4.855582250240426, 52.16018759054444], [4.855550845614833, 52.160286703647714], [4.855547092742871, 52.16029859506106], [4.855544487066376, 52.16030852684623], [4.85551453240913, 52.160422702421315], [4.855489410470878, 52.16054032961788], [4.855544844455687, 52.1605365940628], [4.8555417550600595, 52.16056407111692], [4.855489279849045, 52.160730446911266], [4.8555180311904405, 52.160732179033175], [4.855514891438378, 52.160749769858654], [4.855613911825163, 52.160745362396916], [4.855813699985426, 52.16073646431324], [4.855916333553598, 52.16073189310646], [4.855916663967055, 52.16074084763034], [4.856358856593382, 52.160697233879304]], [[4.865890475940896, 52.160196527974456], [4.865839428119509, 52.1602402721796], [4.865782565465417, 52.16028898804651], [4.865836038880955, 52.16032274985637], [4.865875951925652, 52.160372747138084], [4.865890814256114, 52.16043412951063], [4.865889888359589, 52.16051341830921], [4.86627841383684, 52.160551445804884], [4.866279516178655, 52.16045697690851], [4.866225533341367, 52.160272464885374], [4.866157763367074, 52.16016010223981], [4.866106363041332, 52.160125019492206], [4.865991910417544, 52.16009554546077], [4.865890475940896, 52.160196527974456]], [[4.865983660939147, 52.161290295156334], [4.8664780823873315, 52.16135538536068], [4.86662165717015, 52.16136180710364], [4.866662187577842, 52.16136578244884], [4.8666419817629585, 52.1612970387452], [4.866620696339587, 52.16119856128872], [4.866617221599204, 52.161110525655275], [4.866606800337231, 52.16108804542685], [4.86647016536994, 52.16079372100392], [4.866431245408191, 52.16070987019669], [4.866380620293706, 52.160585844907224], [4.866308129934843, 52.16060478643399], [4.86624109842226, 52.16060691733093], [4.866010646935861, 52.160596201653256], [4.865902685691423, 52.16058156048362], [4.865881353514472, 52.16060614663432], [4.86584694044844, 52.160649568847276], [4.8658244709556016, 52.160788423576484], [4.865784501576287, 52.16087435463761], [4.865685694533738, 52.16102008227308], [4.865597450045819, 52.16115020825399], [4.865578942082012, 52.16119271379175], [4.865983660939147, 52.161290295156334]], [[4.855585333978373, 52.16145413326021], [4.856076555376448, 52.16142587556191], [4.856219141932601, 52.16141699884667], [4.85625314822348, 52.16141488685861], [4.856212738691263, 52.161153106709655], [4.856089120884468, 52.16115356605789], [4.855961594073802, 52.161165530409484], [4.855597239715385, 52.161237358233926], [4.855333040210242, 52.16128562021418], [4.855325240035236, 52.16130857658989], [4.855223066498172, 52.161466854672625], [4.855286896134963, 52.161468913056424], [4.855585333978373, 52.16145413326021]], [[4.855363206434729, 52.16177746752392], [4.855904305333436, 52.16173643854329], [4.855884315321032, 52.16163668862842], [4.85585532243286, 52.16146217120465], [4.855640734313022, 52.16149738184198], [4.855285785962985, 52.16156208756518], [4.855201039686577, 52.161599482472916], [4.8551968891540085, 52.161625349454376], [4.855210304701103, 52.16173324002335], [4.8552763785321735, 52.16176274017209], [4.855363206434729, 52.16177746752392]], [[4.854881184042181, 52.16272043643362], [4.8548209221381, 52.162855480223136], [4.854811999002842, 52.1629013511112], [4.85483265355761, 52.162925613254856], [4.85487844689314, 52.16294997980748], [4.855046004213674, 52.162953153315286], [4.855456759334943, 52.1629405071033], [4.855472191847244, 52.16270134974749], [4.855602072951626, 52.16270193490291], [4.855644144068688, 52.16268762663329], [4.855719699014915, 52.16267588695203], [4.855713670493343, 52.16248742457565], [4.85567994210272, 52.162494481109015], [4.855545768250405, 52.16250353889056], [4.855420113806929, 52.16250055492306], [4.855361679952231, 52.16248096720105], [4.855345262664501, 52.1624518886551], [4.855362485997619, 52.16241330851855], [4.855333500190192, 52.162384182314014], [4.8552707444294185, 52.16237664606727], [4.855195161060434, 52.162390803127686], [4.85511952001237, 52.16240979547039], [4.855044109351465, 52.162409455429064], [4.854968439384179, 52.16243086534006], [4.854930301968772, 52.16246693329398], [4.854920703182521, 52.162568383472795], [4.854881184042181, 52.16272043643362]], [[4.867241480350072, 52.16389073027334], [4.867398955472075, 52.163930799834176], [4.867378367659281, 52.163913614729914], [4.867364466603244, 52.163867433875275], [4.86734542674564, 52.16382087265742], [4.867332096590239, 52.163783028957646], [4.8673592289900816, 52.16375241823325], [4.867320668338996, 52.16359481229874], [4.867298630496256, 52.16351541519922], [4.867273637162859, 52.16342525263539], [4.867227608107809, 52.16341272988581], [4.86718930434067, 52.16334492312794], [4.866989492358982, 52.163347945166784], [4.8669711189752025, 52.16334294590027], [4.866973589325318, 52.163348185155236], [4.8669605748215705, 52.163348382148556], [4.866908680509756, 52.16334666135762], [4.866849137643174, 52.16333292571146], [4.8662463305225865, 52.163164103705626], [4.866023478132942, 52.16310877784421], [4.865927624559194, 52.1633056158901], [4.866113118408962, 52.163343717608946], [4.866047113096726, 52.16345777249986], [4.865853932656793, 52.16341703018048], [4.865836011745025, 52.1634497575027], [4.865815013422643, 52.16344438873417], [4.865776900062039, 52.16350785595036], [4.86653135364208, 52.16368641034782], [4.866507228850177, 52.16370547368627], [4.866607350088334, 52.16373432669326], [4.866720711147221, 52.16375771932522], [4.866765500415624, 52.16376966606112], [4.86693165001648, 52.16381229026414], [4.867085698519644, 52.163846602656044], [4.867241480350072, 52.16389073027334]], [[4.8547044762886395, 52.16395239107309], [4.854800332800993, 52.16396778872784], [4.854867525987668, 52.163992045094666], [4.85503504415029, 52.16398889980683], [4.855060166810208, 52.16380269010412], [4.855200312127031, 52.16383374664287], [4.855314193954421, 52.16374943043755], [4.855411398174895, 52.16369707250217], [4.855440407151708, 52.163664207963954], [4.85544121133732, 52.16365559201451], [4.8554444985964915, 52.16362023871407], [4.855428244701688, 52.16351716202105], [4.855210326227095, 52.16354300927152], [4.8551012056565215, 52.1635514963986], [4.854950674246086, 52.163550817562665], [4.85472232882855, 52.16354380138547], [4.854639076269518, 52.16355989187841], [4.854586665781372, 52.163601566785964], [4.854562470324513, 52.16367181631201], [4.854567212074342, 52.163709264099936], [4.854597929272223, 52.16374532811284], [4.854631460853779, 52.163763437636845], [4.854537386430087, 52.16381541358324], [4.854511055272226, 52.16384672606151], [4.854494561457304, 52.16392449741039], [4.854522925915034, 52.163939590607356], [4.8547044762886395, 52.16395239107309]], [[4.855404224989499, 52.16483657639085], [4.855039422880264, 52.164814645811845], [4.854881290715683, 52.1647974664557], [4.854860701010807, 52.16478239943241], [4.8548833969465415, 52.16462084214356], [4.8549182873046695, 52.16452518654981], [4.854946989887654, 52.16451184287061], [4.855235845606231, 52.164515572098395], [4.855251702827873, 52.16442489988728], [4.855282722259589, 52.1642184575923], [4.854981492741407, 52.164213297492644], [4.85495216053129, 52.16422773488693], [4.854871758890692, 52.164551293785244], [4.854854354615661, 52.16456707025542], [4.854764328259261, 52.16456137912007], [4.854731688299047, 52.16462163177367], [4.854704998934017, 52.16473820363476], [4.854618634172407, 52.164767375710504], [4.854591368999254, 52.16493217499959], [4.854237726110389, 52.164915487418426], [4.854200949327757, 52.16503690312382], [4.854236907667337, 52.16506850583882], [4.854335335405805, 52.165085416484324], [4.85456907353946, 52.16507599155888], [4.854820761243975, 52.16508461432429], [4.854862052845355, 52.16510425979247], [4.854892911069778, 52.16512835222675], [4.854926532970116, 52.165138983982146], [4.855274188790353, 52.16515402465163], [4.855315832644399, 52.16514523325521], [4.855339633900585, 52.16510791415094], [4.855390247920359, 52.16499886514263], [4.855404224989499, 52.16483657639085]], [[4.867064494653583, 52.16522214429204], [4.867113146710386, 52.16512962871902], [4.8673050640458015, 52.165170372366575], [4.8674846167872, 52.16511819645233], [4.86741390583898, 52.164996420186924], [4.8672504925354225, 52.164915221129796], [4.866922676312513, 52.16483687445983], [4.866922537435767, 52.16483662577667], [4.866748944514396, 52.16484364046196], [4.866709287687959, 52.164941840073624], [4.866537872480695, 52.16490647089058], [4.866513654417795, 52.16495276948678], [4.866489391305405, 52.16499916674778], [4.866687316471521, 52.16504740700232], [4.866650709685518, 52.16513833970166], [4.867064494653583, 52.16522214429204]]]]}}, {"type": "Feature", "id": "n2000.e079ba5c-12e1-448b-9143-cd96eea59a7d", "properties": {"naamN2K": "Nieuwkoopse Plassen & De Haeck", "vhnNew": 2, "nr": 103, "beschermin": "HR", "sitecodeV": " ", "sitecodeH": "NL3000036", "status": "Natura 2000-besluit 06 januari 2014", "kadaster": "OZ4 63816/167", "staatscour": "2014/00122"}, "bbox": [4.808114232599964, 52.13072971020102, 4.824495708351141, 52.139081741411], "geometry": {"type": "MultiPolygon", "coordinates": [[[[4.8124592326296405, 52.138758131504076], [4.812259711268868, 52.13888369515823], [4.8120351359105396, 52.139023040072175], [4.81200595248509, 52.13904086506741], [4.811939060396354, 52.139081741411], [4.8118161700712845, 52.13901654331767], [4.811681938585819, 52.13895634379382], [4.8114685744886785, 52.13887328573701], [4.811271810945157, 52.13880407459051], [4.811146997223885, 52.138765822748844], [4.811063277047444, 52.13871822788602], [4.810975315279806, 52.13862735588998], [4.810918700725525, 52.13853972351121], [4.810897982392222, 52.13845620329998], [4.810903616198555, 52.138390784535694], [4.8109382242998935, 52.13832635221383], [4.811048663462101, 52.13816987957608], [4.8111905617181785, 52.13799811343461], [4.811207159928126, 52.13795858732031], [4.811235637747722, 52.137874464299806], [4.811232213319521, 52.13775928784065], [4.8111974396148485, 52.137659685754315], [4.811111769349011, 52.137577250518575], [4.811065919275958, 52.13753995046494], [4.811014086022316, 52.13749756623153], [4.810902924733721, 52.13743885007473], [4.810899050862265, 52.13743681600468], [4.810894323848809, 52.13743433554926], [4.810798235320731, 52.13740465095144], [4.811067405940055, 52.137150379033336], [4.8110799328829685, 52.13710802694589], [4.811053866801719, 52.13705874524016], [4.810997451056532, 52.13702673070801], [4.810969242831971, 52.13701058321478], [4.810562263485049, 52.136827707788065], [4.810318097947188, 52.13671809341158], [4.810201802000239, 52.1366571349873], [4.810112255428052, 52.13661035220711], [4.809996235852162, 52.13652804807372], [4.809795760540194, 52.13635825861754], [4.809447414320166, 52.13606331443456], [4.809329308191066, 52.13595712508711], [4.80926128758418, 52.1357992187435], [4.809244107427241, 52.13575981140064], [4.809196181973282, 52.13568935572485], [4.809073212609948, 52.13558875987229], [4.808970277041424, 52.13551859711484], [4.808923333623402, 52.1354866280103], [4.80888610166824, 52.13547127885746], [4.808445365660199, 52.13528879136547], [4.8083247819513115, 52.13524213533831], [4.808132673296249, 52.135192918769036], [4.808114232599964, 52.135172195030016], [4.80811653757991, 52.13517117450668], [4.809348259670947, 52.134598322644266], [4.810116057338305, 52.134237787440846], [4.810236987765284, 52.13418200266877], [4.810763818572822, 52.133936039097414], [4.811221288278622, 52.13372646726477], [4.811243388009704, 52.13374474563444], [4.811565552559406, 52.134011238795054], [4.811612372285592, 52.134048525439525], [4.811695475774582, 52.134114887818626], [4.811748285273716, 52.13413678715549], [4.811748960847706, 52.13413706728665], [4.811808707625001, 52.134137362365045], [4.81182143409438, 52.1341351935897], [4.811892438926569, 52.13412315247883], [4.812096995417771, 52.13400281001066], [4.812223053763991, 52.1339520213563], [4.81232448916796, 52.13395251579881], [4.812355084639401, 52.133960896267574], [4.812415352243026, 52.13397745134692], [4.812490733027309, 52.13403337623685], [4.812614383792272, 52.13415223039259], [4.812997794580421, 52.13457822505412], [4.813154296663442, 52.13473375380936], [4.813418038635377, 52.134988952369625], [4.813485535741397, 52.13504686058774], [4.813545402987918, 52.135094619989474], [4.8136126083535276, 52.135148314867145], [4.813792040107031, 52.13529161532353], [4.813825977907926, 52.135318719587815], [4.813953847369708, 52.13542045959208], [4.81402637228999, 52.1354781114981], [4.8142217927469595, 52.1356335456835], [4.81449486951523, 52.13584693829475], [4.814555310717097, 52.13589441593275], [4.81458593300145, 52.135918158487534], [4.814629603306315, 52.13592960746914], [4.814685686473509, 52.13592566605961], [4.815512478907111, 52.1354415066425], [4.817769762750975, 52.13412498968919], [4.820119851004855, 52.13275073132773], [4.822276656877045, 52.13149908880002], [4.8230189736020606, 52.13107316991686], [4.823460256465793, 52.13081996779074], [4.823524550714453, 52.13078314321265], [4.8236176145299945, 52.13072981360598], [4.823617794014879, 52.13072971020102], [4.82369675405941, 52.13076885334452], [4.823804667921914, 52.130807007621215], [4.824072739256562, 52.130957153092524], [4.824110157676257, 52.130977284523816], [4.824112798197885, 52.13098088160358], [4.824116259969492, 52.130984674950156], [4.824126139471512, 52.130988677797596], [4.824135132327601, 52.13099072059019], [4.8244955313797835, 52.131184615193675], [4.824495708351141, 52.131184711312336], [4.8244159725744, 52.13123484969234], [4.8243981751827585, 52.13124606287895], [4.824379723510871, 52.13125773672946], [4.824315927008963, 52.13129817917997], [4.821373543274993, 52.13315560102359], [4.820162454959657, 52.13392973902103], [4.819416553214427, 52.134406553003224], [4.819356823148558, 52.13444420622411], [4.819265055248296, 52.134502117235286], [4.819226922520798, 52.134526149481545], [4.814892974507083, 52.137257196390344], [4.814719715793537, 52.13736646039415], [4.81250094058469, 52.138746296899164], [4.812487835659788, 52.13875416598522], [4.812477447475387, 52.13874775086448], [4.8124592326296405, 52.138758131504076]]]]}}]}